ENST00000752543.1|ENSG00000272691.2|OTTHUMG00000186154.1|-|ENST00000752543|ENSG00000272691|534|	15	-
ENST00000562538.1|ENSG00000260246.1|OTTHUMG00000172930.1|OTTHUMT00000421369.1|ENST00000562538|ENSG00000260246|491|	248	-
ENST00000418602.2|ENSG00000227741.2|OTTHUMG00000031606.1|OTTHUMT00000077411.1|ENST00000418602|ENSG00000227741|1579|	1035	-
ENST00000452431.5|ENSG00000293616.2|OTTHUMG00000153728.26|OTTHUMT00000329620.3|PCBP1-AS1-248|PCBP1-AS1|1194|	191	-
ENST00000662121.1|ENSG00000232931.7|OTTHUMG00000155186.10|OTTHUMT00000526205.1|LINC00342-210|LINC00342|879|	106	+
ENST00000826804.1|ENSG00000227400.3|OTTHUMG00000153821.1|-|ENST00000826804|ENSG00000227400|1711|	1349	+
ENST00000625256.1|ENSG00000280927.1|OTTHUMG00000189534.1|OTTHUMT00000479923.1|CTBP1-AS-201|CTBP1-AS|3886|	710	-
ENST00000500031.1|ENSG00000245748.2|OTTHUMG00000159982.1|OTTHUMT00000358686.1|ENST00000500031|ENSG00000245748|4300|	2897	-
ENST00000752777.1|ENSG00000298064.1|-|-|ENST00000752777|ENSG00000298064|480|	478	+
ENST00000736664.1|ENSG00000296127.1|-|-|ENST00000736664|ENSG00000296127|696|	95	-
ENST00000606994.3|ENSG00000272086.3|OTTHUMG00000185453.1|OTTHUMT00000470550.1|GOLPH3-DT-201|GOLPH3-DT|1926|	104	-
ENST00000655600.1|ENSG00000248473.3|OTTHUMG00000162379.2|OTTHUMT00000527101.1|LINC01962-202|LINC01962|1840|	1538	-
ENST00000696632.1|ENSG00000293281.1|-|-|ENST00000696632|ENSG00000293281|3244|	2459	+
ENST00000691329.2|ENSG00000289375.2|-|-|ENST00000691329|ENSG00000289375|1855|	172	-
ENST00000836966.1|ENSG00000308871.1|-|-|ENST00000836966|ENSG00000308871|383|	113	-
ENST00000827816.1|ENSG00000226803.10|OTTHUMG00000014917.6|-|ZNF451-AS1-228|ZNF451-AS1|1061|	13	-
ENST00000790494.1|ENSG00000273055.2|OTTHUMG00000186301.1|-|ENST00000790494|ENSG00000273055|335|	24	-
ENST00000523081.2|ENSG00000253133.2|OTTHUMG00000164080.3|OTTHUMT00000377154.3|GPAT4-AS1-201|GPAT4-AS1|4033|	1867	-
ENST00000523081.2|ENSG00000253133.2|OTTHUMG00000164080.3|OTTHUMT00000377154.3|GPAT4-AS1-201|GPAT4-AS1|4033|	1872	-
ENST00000643616.1|ENSG00000229140.13|OTTHUMG00000164848.68|OTTHUMT00000497274.1|CCDC26-210|CCDC26|20097|	8749	-
ENST00000848559.1|ENSG00000310253.1|-|-|ENST00000848559|ENSG00000310253|1350|	616	+
ENST00000412023.5|ENSG00000293161.1|-|OTTHUMT00000345210.1|ENST00000412023|ENSG00000293161|1438|	868	+
ENST00000794347.1|ENSG00000303417.1|-|-|ENST00000794347|ENSG00000303417|484|	448	-
ENST00000794528.1|ENSG00000303439.1|-|-|ENST00000794528|ENSG00000303439|391|	9	-
ENST00000688886.1|ENSG00000289006.1|-|-|ENST00000688886|ENSG00000289006|2090|	173	+
ENST00000550043.1|ENSG00000293235.1|-|OTTHUMT00000408770.1|ENST00000550043|ENSG00000293235|1585|	730	+
ENST00000778697.1|ENSG00000301403.1|-|-|ENST00000778697|ENSG00000301403|1375|	84	-
ENST00000563103.1|ENSG00000260035.1|OTTHUMG00000172834.1|OTTHUMT00000420790.1|ENST00000563103|ENSG00000260035|308|	219	+
ENST00000570227.2|ENSG00000290426.2|-|OTTHUMT00000421328.1|ENST00000570227|ENSG00000290426|938|	649	+
ENST00000559668.5|ENSG00000290689.2|-|OTTHUMT00000418802.1|ENST00000559668|ENSG00000290689|4253|	1493	+
ENST00000531523.4|ENSG00000255198.7|OTTHUMG00000166082.2|OTTHUMT00000387781.1|SNHG9-201|SNHG9|712|	37	-
ENST00000531523.4|ENSG00000255198.7|OTTHUMG00000166082.2|OTTHUMT00000387781.1|SNHG9-201|SNHG9|712|	38	-
ENST00000537889.2|ENSG00000290391.2|-|OTTHUMT00000398420.1|ENST00000537889|ENSG00000290391|1758|	1647	+
ENST00000569969.5|ENSG00000261067.7|OTTHUMG00000176707.1|OTTHUMT00000433224.1|ENST00000569969|ENSG00000261067|5296|	827	+
ENST00000591758.1|ENSG00000293016.1|-|OTTHUMT00000460612.1|ENST00000591758|ENSG00000293016|566|	547	+
ENST00000572404.1|ENSG00000262533.1|OTTHUMG00000177679.1|OTTHUMT00000438469.1|ENST00000572404|ENSG00000262533|422|	288	-
ENST00000690855.2|ENSG00000289252.2|-|-|ENST00000690855|ENSG00000289252|1640|	385	-
ENST00000582965.4|ENSG00000266402.6|OTTHUMG00000178880.1|OTTHUMT00000443742.1|SNHG25-202|SNHG25|1068|	477	+
ENST00000576554.1|ENSG00000262413.1|OTTHUMG00000177881.1|OTTHUMT00000439448.1|ENST00000576554|ENSG00000262413|565|	445	-
ENST00000623459.1|ENSG00000279753.1|OTTHUMG00000181870.1|OTTHUMT00000458023.1|ENST00000623459|ENSG00000279753|338|	104	-
ENST00000591657.1|ENSG00000267484.1|OTTHUMG00000180510.1|OTTHUMT00000451703.1|ENST00000591657|ENSG00000267484|511|	202	-
ENST00000784178.1|ENSG00000293178.2|-|-|ENST00000784178|ENSG00000293178|2913|	2451	+
ENST00000764108.1|ENSG00000289292.3|-|-|ENST00000764108|ENSG00000289292|932|	336	+
ENST00000652665.2|ENSG00000293202.2|-|OTTHUMT00000500174.2|ENST00000652665|ENSG00000293202|1205|	107	+
ENST00000652221.2|ENSG00000293485.2|-|OTTHUMT00000499618.2|SERHL-205|SERHL|2459|	1359	-
ENST00000413911.1|ENSG00000228509.8|OTTHUMG00000154512.1|OTTHUMT00000335622.1|ENST00000413911|ENSG00000228509|919|	654	-
ENST00000715290.1|ENSG00000230337.5|OTTHUMG00000002122.1|-|EXOSC10-AS1-205|EXOSC10-AS1|2401|	1747	-
ENST00000593791.1|ENSG00000268983.1|OTTHUMG00000183109.1|OTTHUMT00000465112.1|KXD1-AS1-201|KXD1-AS1|432|	317	-
ENST00000540866.2|ENSG00000256028.2|OTTHUMG00000168770.1|OTTHUMT00000400991.1|ENST00000540866|ENSG00000256028|5618|	1840	+
ENST00000619210.1|ENSG00000293329.2|-|OTTHUMT00000477544.1|DUXAP9-205|DUXAP9|1060|	813	+
ENST00000786433.1|ENSG00000302407.1|-|-|ENST00000786433|ENSG00000302407|474|	84	-
ENST00000429761.2|ENSG00000228925.2|OTTHUMG00000153091.2|OTTHUMT00000329487.2|ENST00000429761|ENSG00000228925|1874|	1036	-
ENST00000589360.1|ENSG00000267436.1|OTTHUMG00000181924.1|OTTHUMT00000458321.1|MFSD12-AS1-201|MFSD12-AS1|565|	5	-
ENST00000485974.1|ENSG00000244151.1|OTTHUMG00000158693.1|OTTHUMT00000351765.1|ENST00000485974|ENSG00000244151|1230|	459	-
ENST00000692808.2|ENSG00000288813.2|-|-|ENST00000692808|ENSG00000288813|1474|	466	-
ENST00000609955.1|ENSG00000273275.1|OTTHUMG00000185954.1|OTTHUMT00000471823.1|ENST00000609955|ENSG00000273275|700|	212	-
ENST00000419300.3|ENSG00000204054.15|OTTHUMG00000020783.66|OTTHUMT00000106519.3|LINC00963-202|LINC00963|9557|	2327	+
ENST00000566287.1|ENSG00000261641.2|OTTHUMG00000176553.1|OTTHUMT00000432521.1|ENST00000566287|ENSG00000261641|1124|	422	-
ENST00000754552.1|ENSG00000289576.3|-|-|ENST00000754552|ENSG00000289576|1378|	1236	+
ENST00000623557.1|ENSG00000280211.1|OTTHUMG00000176904.1|OTTHUMT00000434290.1|ENST00000623557|ENSG00000280211|2502|	998	-
ENST00000736451.1|ENSG00000296107.1|-|-|ENST00000736451|ENSG00000296107|798|	468	-
ENST00000601701.1|ENSG00000228748.3|OTTHUMG00000018545.2|OTTHUMT00000461758.1|ENST00000601701|ENSG00000228748|987|	226	-
ENST00000417970.2|ENSG00000232814.2|OTTHUMG00000149649.2|OTTHUMT00000312863.2|COL4A2-AS1-201|COL4A2-AS1|540|	27	-
ENST00000450578.1|ENSG00000293150.1|-|OTTHUMT00000332326.2|ENST00000450578|ENSG00000293150|752|	502	+
ENST00000540866.2|ENSG00000256028.2|OTTHUMG00000168770.1|OTTHUMT00000400991.1|ENST00000540866|ENSG00000256028|5618|	5420	+
ENST00000791655.1|ENSG00000303088.1|-|-|ENST00000791655|ENSG00000303088|853|	255	-
ENST00000619932.4|ENSG00000291005.2|-|OTTHUMT00000478301.1|NBPF25P-202|NBPF25P|3827|	2632	+
ENST00000660063.1|ENSG00000287086.1|OTTHUMG00000193580.1|OTTHUMT00000503631.1|ENST00000660063|ENSG00000287086|1173|	1146	-
ENST00000750477.1|ENSG00000297719.1|-|-|ENST00000750477|ENSG00000297719|925|	25	-
ENST00000688369.3|ENSG00000249572.4|OTTHUMG00000162003.1|-|TARS1-DT-202|TARS1-DT|1916|	183	-
ENST00000770236.1|ENSG00000300223.1|-|-|ENST00000770236|ENSG00000300223|424|	130	-
ENST00000765697.1|ENSG00000299695.1|-|-|ENST00000765697|ENSG00000299695|912|	406	-
ENST00000652221.2|ENSG00000293485.2|-|OTTHUMT00000499618.2|SERHL-205|SERHL|2459|	1109	-
ENST00000587312.1|ENSG00000267727.1|OTTHUMG00000180733.1|OTTHUMT00000450853.1|ENST00000587312|ENSG00000267727|482|	237	-
ENST00000772454.1|ENSG00000300507.1|-|-|ENST00000772454|ENSG00000300507|731|	267	-
ENST00000605085.1|ENSG00000271380.1|OTTHUMG00000185142.1|OTTHUMT00000469658.1|PYGO2-AS1-201|PYGO2-AS1|799|	652	-
ENST00000519902.2|ENSG00000293314.2|-|OTTHUMT00000376512.1|SDAD1P1-202|SDAD1P1|3209|	1938	+
ENST00000333487.2|ENSG00000184068.2|OTTHUMG00000151272.1|OTTHUMT00000322047.1|SREBF2-AS1-201|SREBF2-AS1|2989|	862	-
ENST00000633719.1|ENSG00000292982.2|-|OTTHUMT00000475086.2|WASH5P-209|WASH5P|4412|	2790	+
ENST00000531730.1|ENSG00000255050.1|OTTHUMG00000165158.1|OTTHUMT00000382260.1|ENST00000531730|ENSG00000255050|1173|	549	-
ENST00000799624.1|ENSG00000304086.1|-|-|ENST00000799624|ENSG00000304086|705|	45	+
ENST00000623181.1|ENSG00000279649.1|OTTHUMG00000177438.1|OTTHUMT00000436908.1|ENST00000623181|ENSG00000279649|2704|	1522	-
ENST00000555043.2|ENSG00000258377.2|OTTHUMG00000170874.1|OTTHUMT00000410795.1|ENST00000555043|ENSG00000258377|2535|	1242	-
ENST00000555562.1|ENSG00000258920.1|OTTHUMG00000170973.1|OTTHUMT00000411017.1|FOXN3-AS1-201|FOXN3-AS1|1077|	398	+
ENST00000555043.2|ENSG00000258377.2|OTTHUMG00000170874.1|OTTHUMT00000410795.1|ENST00000555043|ENSG00000258377|2535|	1935	-
ENST00000719830.1|ENSG00000293906.1|-|-|ENST00000719830|ENSG00000293906|1384|	216	-
ENST00000752923.1|ENSG00000298098.1|-|-|ENST00000752923|ENSG00000298098|807|	225	-
ENST00000603791.1|ENSG00000270504.2|OTTHUMG00000185108.1|OTTHUMT00000469606.1|ENST00000603791|ENSG00000270504|2761|	505	-
ENST00000687345.1|ENSG00000289613.1|-|-|ENST00000687345|ENSG00000289613|1194|	635	-
ENST00000585075.1|ENSG00000263843.1|OTTHUMG00000179606.1|OTTHUMT00000447278.1|MIF4GD-DT-202|MIF4GD-DT|2527|	1765	-
ENST00000728699.1|ENSG00000295227.1|-|-|ENST00000728699|ENSG00000295227|973|	804	-
ENST00000736664.1|ENSG00000296127.1|-|-|ENST00000736664|ENSG00000296127|696|	106	-
ENST00000578315.1|ENSG00000293206.1|-|OTTHUMT00000443627.1|ENST00000578315|ENSG00000293206|730|	435	+
ENST00000764685.1|ENSG00000299571.1|-|-|ENST00000764685|ENSG00000299571|253|	55	-
ENST00000608318.3|ENSG00000290791.2|-|OTTHUMT00000498320.1|ENST00000608318|ENSG00000290791|4329|	106	-
ENST00000785006.1|ENSG00000302206.1|-|-|ENST00000785006|ENSG00000302206|996|	960	+
ENST00000586923.1|ENSG00000276570.1|OTTHUMG00000180703.1|OTTHUMT00000452661.1|ENST00000586923|ENSG00000276570|3061|	439	+
ENST00000756840.1|ENSG00000271395.3|OTTHUMG00000184176.3|-|LINC02336-204|LINC02336|1470|	1042	-
ENST00000418300.1|ENSG00000242590.1|OTTHUMG00000040780.1|OTTHUMT00000097999.1|ENST00000418300|ENSG00000242590|402|	62	+
ENST00000480546.1|ENSG00000293162.1|-|OTTHUMT00000351483.1|ENST00000480546|ENSG00000293162|3350|	882	+
ENST00000580121.1|ENSG00000265784.1|OTTHUMG00000178867.1|OTTHUMT00000443695.1|ENST00000580121|ENSG00000265784|456|	69	-
ENST00000660385.1|ENSG00000288066.1|OTTHUMG00000195803.1|OTTHUMT00000528866.1|ENST00000660385|ENSG00000288066|1912|	256	-
ENST00000578070.5|ENSG00000290928.2|-|OTTHUMT00000444256.1|ENST00000578070|ENSG00000290928|929|	162	+
ENST00000381796.1|ENSG00000205790.2|OTTHUMG00000182047.1|OTTHUMT00000458999.1|DPP9-AS1-201|DPP9-AS1|3071|	2824	-
ENST00000848405.1|ENSG00000310217.1|-|-|ENST00000848405|ENSG00000310217|916|	516	-
ENST00000824425.1|ENSG00000307181.1|-|-|ENST00000824425|ENSG00000307181|1942|	1350	+
ENST00000624094.1|ENSG00000280143.1|OTTHUMG00000167068.1|OTTHUMT00000392880.1|ENST00000624094|ENSG00000280143|5326|	4026	-
ENST00000623210.1|ENSG00000280138.1|OTTHUMG00000168768.1|OTTHUMT00000400950.1|ENST00000623210|ENSG00000280138|18662|	17762	+
ENST00000601684.1|ENSG00000269621.1|OTTHUMG00000183004.1|OTTHUMT00000464652.1|ENST00000601684|ENSG00000269621|629|	455	-
ENST00000710364.1|ENSG00000292256.1|-|-|ENST00000710364|ENSG00000292256|589|	130	+
ENST00000780342.1|ENSG00000280441.4|OTTHUMG00000189419.3|-|ENST00000780342|ENSG00000280441|975|	83	+
ENST00000829358.1|ENSG00000254777.6|OTTHUMG00000165334.2|-|ENST00000829358|ENSG00000254777|681|	319	-
ENST00000841327.1|ENSG00000232533.4|OTTHUMG00000152694.1|-|FAM131B-AS2-204|FAM131B-AS2|1203|	81	-
ENST00000579126.5|ENSG00000265257.5|OTTHUMG00000179147.1|OTTHUMT00000444985.1|ENST00000579126|ENSG00000265257|914|	432	+
ENST00000437417.5|ENSG00000293508.2|-|OTTHUMT00000076182.3|POLR1HASP-282|POLR1HASP|1497|	182	-
ENST00000746420.1|ENSG00000297241.1|-|-|ENST00000746420|ENSG00000297241|557|	373	-
ENST00000615078.3|ENSG00000277597.3|OTTHUMG00000186785.1|OTTHUMT00000473781.1|ENST00000615078|ENSG00000277597|739|	70	-
ENST00000623414.1|ENSG00000279569.1|OTTHUMG00000177024.1|OTTHUMT00000434930.1|ENST00000623414|ENSG00000279569|4170|	2297	-
ENST00000620144.1|ENSG00000275665.2|OTTHUMG00000188499.1|OTTHUMT00000477443.1|ENST00000620144|ENSG00000275665|563|	453	-
ENST00000641877.1|ENSG00000263798.2|OTTHUMG00000178681.2|OTTHUMT00000493336.1|ENST00000641877|ENSG00000263798|2655|	1969	+
ENST00000527398.1|ENSG00000254641.1|OTTHUMG00000165504.1|OTTHUMT00000384526.1|ENST00000527398|ENSG00000254641|429|	105	-
ENST00000622994.1|ENSG00000279504.1|OTTHUMG00000181750.1|OTTHUMT00000457455.1|ENST00000622994|ENSG00000279504|785|	499	-
ENST00000430356.3|ENSG00000237399.7|OTTHUMG00000017558.3|OTTHUMT00000046475.3|PITRM1-AS1-201|PITRM1-AS1|3998|	2988	-
ENST00000521666.1|ENSG00000251018.2|OTTHUMG00000163557.1|OTTHUMT00000374168.1|HMMR-AS1-202|HMMR-AS1|800|	749	-
ENST00000569087.2|ENSG00000260257.2|OTTHUMG00000177126.2|OTTHUMT00000435465.2|ENST00000569087|ENSG00000260257|2131|	496	+
ENST00000728038.1|ENSG00000295105.1|-|-|ENST00000728038|ENSG00000295105|93|	35	+
ENST00000550043.1|ENSG00000293235.1|-|OTTHUMT00000408770.1|ENST00000550043|ENSG00000293235|1585|	592	+
ENST00000447775.1|ENSG00000225578.1|OTTHUMG00000155523.1|OTTHUMT00000340490.1|NCBP2-AS1-201|NCBP2-AS1|562|	478	-
ENST00000569274.1|ENSG00000260465.1|OTTHUMG00000173475.1|OTTHUMT00000423238.1|ENST00000569274|ENSG00000260465|1790|	99	-
ENST00000687171.3|ENSG00000289447.3|-|-|ENST00000687171|ENSG00000289447|2040|	119	-
ENST00000823971.1|ENSG00000307119.1|-|-|ENST00000823971|ENSG00000307119|194|	4	-
ENST00000566537.1|ENSG00000259952.1|OTTHUMG00000177140.1|OTTHUMT00000435555.1|ENST00000566537|ENSG00000259952|547|	332	-
ENST00000745832.1|ENSG00000235837.2|OTTHUMG00000152479.1|-|ENST00000745832|ENSG00000235837|500|	254	-
ENST00000528650.1|ENSG00000254452.1|OTTHUMG00000166908.1|OTTHUMT00000391827.1|ENST00000528650|ENSG00000254452|480|	269	-
ENST00000745810.1|ENSG00000297142.1|-|-|ENST00000745810|ENSG00000297142|958|	518	-
ENST00000726311.1|ENSG00000294850.1|-|-|ENST00000726311|ENSG00000294850|655|	198	+
ENST00000586923.1|ENSG00000276570.1|OTTHUMG00000180703.1|OTTHUMT00000452661.1|ENST00000586923|ENSG00000276570|3061|	280	+
ENST00000728699.1|ENSG00000295227.1|-|-|ENST00000728699|ENSG00000295227|973|	792	-
ENST00000548595.1|ENSG00000257553.1|OTTHUMG00000170262.1|OTTHUMT00000408229.1|ENST00000548595|ENSG00000257553|434|	100	-
ENST00000607421.3|ENSG00000272173.3|OTTHUMG00000185702.1|OTTHUMT00000471024.1|ENST00000607421|ENSG00000272173|1221|	196	-
ENST00000688369.3|ENSG00000249572.4|OTTHUMG00000162003.1|-|TARS1-DT-202|TARS1-DT|1916|	232	-
ENST00000414640.1|ENSG00000224407.1|OTTHUMG00000037756.1|OTTHUMT00000092101.1|ENST00000414640|ENSG00000224407|1029|	471	-
ENST00000747309.1|ENSG00000287042.4|OTTHUMG00000194875.1|-|ENST00000747309|ENSG00000287042|2167|	451	+
ENST00000348993.10|ENSG00000291159.2|-|OTTHUMT00000308966.4|ENST00000348993|ENSG00000291159|8986|	7315	-
ENST00000619932.4|ENSG00000291005.2|-|OTTHUMT00000478301.1|NBPF25P-202|NBPF25P|3827|	1099	+
ENST00000540502.2|ENSG00000290394.3|-|OTTHUMT00000398569.1|PKD1P6-NPIPP1-206|PKD1P6-NPIPP1|6144|	88	+
ENST00000836966.1|ENSG00000308871.1|-|-|ENST00000836966|ENSG00000308871|383|	150	-
ENST00000449248.1|ENSG00000235027.1|OTTHUMG00000045360.2|OTTHUMT00000105341.2|PRADX-201|PRADX|2015|	956	-
ENST00000540502.2|ENSG00000290394.3|-|OTTHUMT00000398569.1|PKD1P6-NPIPP1-206|PKD1P6-NPIPP1|6144|	97	+
ENST00000601192.1|ENSG00000269604.1|OTTHUMG00000182049.1|OTTHUMT00000459001.1|ENST00000601192|ENSG00000269604|3568|	946	-
ENST00000493504.1|ENSG00000267858.9|OTTHUMG00000183549.3|OTTHUMT00000350753.1|MZF1-AS1-204|MZF1-AS1|3282|	2398	+
ENST00000604546.2|ENSG00000270361.2|OTTHUMG00000185167.1|OTTHUMT00000469715.1|ENST00000604546|ENSG00000270361|1600|	79	-
ENST00000446022.1|ENSG00000224729.7|OTTHUMG00000156674.3|OTTHUMT00000345284.1|PCOLCE-AS1-202|PCOLCE-AS1|456|	95	-
ENST00000784178.1|ENSG00000293178.2|-|-|ENST00000784178|ENSG00000293178|2913|	1843	+
ENST00000580962.1|ENSG00000263986.1|OTTHUMG00000178940.1|OTTHUMT00000444063.1|ENST00000580962|ENSG00000263986|504|	214	-
ENST00000441212.1|ENSG00000226963.1|OTTHUMG00000154231.1|OTTHUMT00000334501.1|ENST00000441212|ENSG00000226963|558|	424	-
ENST00000577746.1|ENSG00000266872.1|OTTHUMG00000179258.1|OTTHUMT00000445491.1|ENST00000577746|ENSG00000266872|656|	489	-
ENST00000630155.1|ENSG00000280594.4|OTTHUMG00000190270.1|OTTHUMT00000484437.1|BTG3-AS1-202|BTG3-AS1|2341|	1089	-
ENST00000453348.2|ENSG00000236081.2|OTTHUMG00000151496.1|OTTHUMT00000322894.1|ELFN1-AS1-202|ELFN1-AS1|688|	574	+
ENST00000821788.1|ENSG00000306884.1|-|-|ENST00000821788|ENSG00000306884|632|	354	-
ENST00000608809.1|ENSG00000273254.1|OTTHUMG00000186465.1|OTTHUMT00000473198.1|ENST00000608809|ENSG00000273254|636|	164	-
ENST00000810787.1|ENSG00000305402.1|-|-|ENST00000810787|ENSG00000305402|497|	283	+
ENST00000763761.1|ENSG00000299474.1|-|-|ENST00000763761|ENSG00000299474|588|	372	-
ENST00000452097.1|ENSG00000237017.1|OTTHUMG00000066041.2|OTTHUMT00000141421.2|PRPF31-AS1-201|PRPF31-AS1|4158|	809	-
ENST00000665917.1|ENSG00000245025.4|OTTHUMG00000163755.2|OTTHUMT00000527942.1|ENST00000665917|ENSG00000245025|4918|	943	-
ENST00000555043.2|ENSG00000258377.2|OTTHUMG00000170874.1|OTTHUMT00000410795.1|ENST00000555043|ENSG00000258377|2535|	2157	-
ENST00000797921.1|ENSG00000303897.1|-|-|ENST00000797921|ENSG00000303897|2131|	270	-
ENST00000674823.1|ENSG00000203865.13|OTTHUMG00000012111.5|-|ATP1A1-AS1-206|ATP1A1-AS1|4746|	2350	-
ENST00000572067.1|ENSG00000263126.1|OTTHUMG00000177492.1|OTTHUMT00000437175.1|ENST00000572067|ENSG00000263126|3907|	1907	+
ENST00000842915.1|ENSG00000309675.1|-|-|ENST00000842915|ENSG00000309675|857|	464	-
ENST00000784726.1|ENSG00000302163.1|-|-|ENST00000784726|ENSG00000302163|685|	240	-
ENST00000414640.1|ENSG00000224407.1|OTTHUMG00000037756.1|OTTHUMT00000092101.1|ENST00000414640|ENSG00000224407|1029|	609	-
ENST00000623856.1|ENSG00000279123.1|OTTHUMG00000178083.1|OTTHUMT00000440450.1|ENST00000623856|ENSG00000279123|713|	641	-
ENST00000446022.1|ENSG00000224729.7|OTTHUMG00000156674.3|OTTHUMT00000345284.1|PCOLCE-AS1-202|PCOLCE-AS1|456|	98	-
ENST00000801108.1|ENSG00000265799.2|OTTHUMG00000179523.1|-|ENST00000801108|ENSG00000265799|1217|	1013	-
ENST00000839360.1|ENSG00000258325.3|-|-|ITFG2-AS1-237|ITFG2-AS1|743|	502	-
ENST00000784726.1|ENSG00000302163.1|-|-|ENST00000784726|ENSG00000302163|685|	323	-
ENST00000786473.1|ENSG00000214772.3|OTTHUMG00000168734.1|-|GUCY2C-AS1-202|GUCY2C-AS1|1026|	773	-
ENST00000599676.1|ENSG00000269243.1|OTTHUMG00000182239.1|OTTHUMT00000460194.1|ENST00000599676|ENSG00000269243|1027|	926	-
ENST00000801108.1|ENSG00000265799.2|OTTHUMG00000179523.1|-|ENST00000801108|ENSG00000265799|1217|	964	-
ENST00000610701.1|ENSG00000274177.1|OTTHUMG00000186927.1|OTTHUMT00000474033.1|ENST00000610701|ENSG00000274177|440|	104	-
ENST00000592893.1|ENSG00000266978.2|OTTHUMG00000180401.1|OTTHUMT00000451205.1|LIMASI-202|LIMASI|918|	792	-
ENST00000604992.2|ENSG00000270194.2|OTTHUMG00000185097.1|OTTHUMT00000469553.1|GOLGA4-AS1-201|GOLGA4-AS1|2414|	727	-
ENST00000611259.1|ENSG00000276101.1|OTTHUMG00000186719.1|OTTHUMT00000473667.1|ENST00000611259|ENSG00000276101|610|	321	-
ENST00000534988.2|ENSG00000256116.2|OTTHUMG00000167845.2|OTTHUMT00000397332.1|ENST00000534988|ENSG00000256116|1069|	938	-
ENST00000598846.1|ENSG00000268575.1|OTTHUMG00000183552.1|OTTHUMT00000467163.1|ENST00000598846|ENSG00000268575|5079|	3140	+
ENST00000750477.1|ENSG00000297719.1|-|-|ENST00000750477|ENSG00000297719|925|	14	-
ENST00000586076.1|ENSG00000267801.1|OTTHUMG00000179917.1|OTTHUMT00000448941.1|ENST00000586076|ENSG00000267801|3175|	1852	-
ENST00000842749.1|ENSG00000290074.2|-|-|ENST00000842749|ENSG00000290074|462|	47	-
ENST00000757900.1|ENSG00000298773.1|-|-|ENST00000757900|ENSG00000298773|736|	427	+
ENST00000568997.5|ENSG00000213599.10|OTTHUMG00000048084.2|OTTHUMT00000434086.1|SLX1A-SULT1A3-205|SLX1A-SULT1A3|2834|	71	+
ENST00000775980.1|ENSG00000301079.1|-|-|ENST00000775980|ENSG00000301079|818|	120	-
ENST00000502511.1|ENSG00000188242.4|OTTHUMG00000162206.2|OTTHUMT00000368036.1|SLC9A3-OT1-202|SLC9A3-OT1|552|	439	+
ENST00000715290.1|ENSG00000230337.5|OTTHUMG00000002122.1|-|EXOSC10-AS1-205|EXOSC10-AS1|2401|	1745	-
ENST00000635449.1|ENSG00000282961.1|OTTHUMG00000191472.1|OTTHUMT00000488007.1|PRNCR1-201|PRNCR1|12727|	6540	-
ENST00000624514.1|ENSG00000279428.1|OTTHUMG00000180330.1|OTTHUMT00000450773.1|ENST00000624514|ENSG00000279428|3130|	2919	-
ENST00000718821.1|ENSG00000293760.1|-|-|ENST00000718821|ENSG00000293760|603|	77	-
ENST00000730413.1|ENSG00000246334.4|OTTHUMG00000163400.1|-|PRR7-AS1-205|PRR7-AS1|554|	233	-
ENST00000523081.2|ENSG00000253133.2|OTTHUMG00000164080.3|OTTHUMT00000377154.3|GPAT4-AS1-201|GPAT4-AS1|4033|	3870	-
ENST00000595655.1|ENSG00000268149.1|OTTHUMG00000182573.1|OTTHUMT00000462472.1|ENST00000595655|ENSG00000268149|438|	393	-
ENST00000577678.1|ENSG00000265415.1|OTTHUMG00000179364.1|OTTHUMT00000445959.1|PRR11-AS1-201|PRR11-AS1|321|	90	-
ENST00000625094.1|ENSG00000279035.1|OTTHUMG00000179347.1|OTTHUMT00000445864.1|ENST00000625094|ENSG00000279035|2161|	762	-
ENST00000550043.1|ENSG00000293235.1|-|OTTHUMT00000408770.1|ENST00000550043|ENSG00000293235|1585|	340	+
ENST00000541383.1|ENSG00000256364.1|OTTHUMG00000169200.1|OTTHUMT00000402855.1|ENST00000541383|ENSG00000256364|575|	440	-
ENST00000624774.1|ENSG00000278943.1|OTTHUMG00000176257.2|OTTHUMT00000431688.2|ENST00000624774|ENSG00000278943|1049|	805	+
ENST00000756409.1|ENSG00000245748.2|OTTHUMG00000159982.1|-|ENST00000756409|ENSG00000245748|1445|	1403	-
ENST00000555689.1|ENSG00000259049.1|OTTHUMG00000171149.1|OTTHUMT00000411942.1|ENST00000555689|ENSG00000259049|528|	470	-
ENST00000560650.1|ENSG00000259462.3|OTTHUMG00000172386.3|OTTHUMT00000418253.1|CPEB1-AS1-201|CPEB1-AS1|2138|	1370	-
ENST00000404796.3|ENSG00000264545.2|OTTHUMG00000179355.1|OTTHUMT00000445913.1|ENST00000404796|ENSG00000264545|622|	113	+
ENST00000685273.2|ENSG00000293323.2|-|-|ENST00000685273|ENSG00000293323|633|	589	+
ENST00000624774.1|ENSG00000278943.1|OTTHUMG00000176257.2|OTTHUMT00000431688.2|ENST00000624774|ENSG00000278943|1049|	45	+
ENST00000629058.1|ENSG00000281376.1|OTTHUMG00000189574.1|OTTHUMT00000479993.1|ABALON-201|ABALON|1903|	602	-
ENST00000554737.2|ENSG00000258813.3|OTTHUMG00000171423.2|OTTHUMT00000413347.2|RBM25-AS1-201|RBM25-AS1|1000|	248	-
ENST00000568997.5|ENSG00000213599.10|OTTHUMG00000048084.2|OTTHUMT00000434086.1|SLX1A-SULT1A3-205|SLX1A-SULT1A3|2834|	204	+
ENST00000572404.1|ENSG00000262533.1|OTTHUMG00000177679.1|OTTHUMT00000438469.1|ENST00000572404|ENSG00000262533|422|	36	-
ENST00000687513.1|ENSG00000288744.1|-|-|ENST00000687513|ENSG00000288744|902|	109	+
ENST00000803207.1|ENSG00000304412.1|-|-|ENST00000803207|ENSG00000304412|499|	123	-
ENST00000565181.1|ENSG00000261423.4|OTTHUMG00000173055.1|OTTHUMT00000421959.1|TMEM202-AS1-202|TMEM202-AS1|2325|	616	-
ENST00000535867.1|ENSG00000256690.2|OTTHUMG00000167742.1|OTTHUMT00000396001.1|STX5-DT-202|STX5-DT|557|	98	-
ENST00000646565.1|ENSG00000293263.1|-|OTTHUMT00000497320.1|ENST00000646565|ENSG00000293263|500|	165	+
ENST00000763425.1|ENSG00000299425.1|-|-|ENST00000763425|ENSG00000299425|2251|	1136	+
ENST00000824450.1|ENSG00000307192.1|-|-|ENST00000824450|ENSG00000307192|1545|	824	+
ENST00000769885.1|ENSG00000260661.2|OTTHUMG00000177214.1|-|ENST00000769885|ENSG00000260661|633|	290	-
ENST00000589360.1|ENSG00000267436.1|OTTHUMG00000181924.1|OTTHUMT00000458321.1|MFSD12-AS1-201|MFSD12-AS1|565|	154	-
ENST00000603791.1|ENSG00000270504.2|OTTHUMG00000185108.1|OTTHUMT00000469606.1|ENST00000603791|ENSG00000270504|2761|	285	-
ENST00000434951.1|ENSG00000232581.2|OTTHUMG00000151848.1|OTTHUMT00000324145.1|ENST00000434951|ENSG00000232581|357|	297	-
ENST00000598846.1|ENSG00000268575.1|OTTHUMG00000183552.1|OTTHUMT00000467163.1|ENST00000598846|ENSG00000268575|5079|	4798	+
ENST00000451424.1|ENSG00000117242.7|OTTHUMG00000002840.1|OTTHUMT00000007953.1|PINK1-AS-201|PINK1-AS|4443|	317	+
ENST00000772454.1|ENSG00000300507.1|-|-|ENST00000772454|ENSG00000300507|731|	208	-
ENST00000564063.1|ENSG00000260879.1|OTTHUMG00000175898.1|OTTHUMT00000431250.1|ENST00000564063|ENSG00000260879|1566|	183	-
ENST00000431955.1|ENSG00000241720.2|OTTHUMG00000011632.1|OTTHUMT00000032147.1|ENST00000431955|ENSG00000241720|808|	469	-
ENST00000637601.2|ENSG00000290999.2|-|OTTHUMT00000489142.1|ENST00000637601|ENSG00000290999|3451|	1144	+
ENST00000812696.1|ENSG00000305739.1|-|-|ENST00000812696|ENSG00000305739|708|	578	+
ENST00000728643.1|ENSG00000295211.1|-|-|ENST00000728643|ENSG00000295211|604|	428	-
ENST00000445817.1|ENSG00000234277.4|OTTHUMG00000037611.2|OTTHUMT00000091688.1|LINC01641-202|LINC01641|1971|	1956	+
ENST00000702606.2|ENSG00000290037.2|-|-|ENST00000702606|ENSG00000290037|496|	189	-
ENST00000687361.2|ENSG00000289114.2|-|-|ENST00000687361|ENSG00000289114|1632|	65	-
ENST00000813452.1|ENSG00000289326.3|-|-|ENST00000813452|ENSG00000289326|2004|	1582	+
ENST00000420918.4|ENSG00000271889.2|OTTHUMG00000152156.5|OTTHUMT00000325484.3|C2orf74-AS1-202|C2orf74-AS1|2630|	1402	+
ENST00000840248.1|ENSG00000309317.1|-|-|ENST00000840248|ENSG00000309317|543|	87	-
ENST00000722102.1|ENSG00000294242.1|-|-|ENST00000722102|ENSG00000294242|1712|	516	+
ENST00000609146.1|ENSG00000272851.1|OTTHUMG00000186306.1|OTTHUMT00000472818.1|ENST00000609146|ENSG00000272851|564|	445	-
ENST00000686326.3|ENSG00000288926.3|-|-|ENST00000686326|ENSG00000288926|2041|	92	-
ENST00000604992.2|ENSG00000270194.2|OTTHUMG00000185097.1|OTTHUMT00000469553.1|GOLGA4-AS1-201|GOLGA4-AS1|2414|	701	-
ENST00000452042.1|ENSG00000223343.2|OTTHUMG00000156716.1|OTTHUMT00000345431.1|ENST00000452042|ENSG00000223343|782|	589	-
ENST00000701499.2|ENSG00000289902.2|-|-|ENST00000701499|ENSG00000289902|4655|	2665	+
ENST00000701956.1|ENSG00000289942.1|-|-|ENST00000701956|ENSG00000289942|115|	96	+
ENST00000663768.1|ENSG00000287083.2|OTTHUMG00000195414.1|OTTHUMT00000526805.1|ENST00000663768|ENSG00000287083|2123|	1530	-
ENST00000513560.8|ENSG00000248092.9|OTTHUMG00000162220.5|OTTHUMT00000367960.3|NNT-AS1-204|NNT-AS1|4840|	1609	+
ENST00000729415.1|ENSG00000295348.1|-|-|ENST00000729415|ENSG00000295348|553|	134	-
ENST00000835415.1|ENSG00000286503.2|OTTHUMG00000193908.1|-|ENST00000835415|ENSG00000286503|384|	137	-
ENST00000606662.3|ENSG00000271918.3|OTTHUMG00000185552.1|OTTHUMT00000470700.1|ENST00000606662|ENSG00000271918|1649|	385	-
ENST00000505522.6|ENSG00000281398.4|OTTHUMG00000189582.3|OTTHUMT00000373023.3|SNHG4-202|SNHG4|2383|	1991	+
ENST00000520928.2|ENSG00000245146.8|OTTHUMG00000163537.4|OTTHUMT00000374359.1|MALINC1-203|MALINC1|1099|	30	-
ENST00000758094.1|ENSG00000298815.1|-|-|ENST00000758094|ENSG00000298815|1993|	993	-
ENST00000603791.1|ENSG00000270504.2|OTTHUMG00000185108.1|OTTHUMT00000469606.1|ENST00000603791|ENSG00000270504|2761|	490	-
ENST00000780705.1|ENSG00000301665.1|-|-|ENST00000780705|ENSG00000301665|1593|	1002	-
ENST00000849693.1|ENSG00000293508.2|-|-|POLR1HASP-310|POLR1HASP|1252|	185	-
ENST00000665268.3|ENSG00000286340.4|OTTHUMG00000193850.1|OTTHUMT00000505330.1|ENST00000665268|ENSG00000286340|3593|	198	-
ENST00000606915.2|ENSG00000268592.4|OTTHUMG00000185354.1|OTTHUMT00000470302.1|RAET1E-AS1-203|RAET1E-AS1|1217|	120	-
ENST00000761990.1|ENSG00000299257.1|-|-|ENST00000761990|ENSG00000299257|487|	165	+
ENST00000779789.1|ENSG00000301571.1|-|-|ENST00000779789|ENSG00000301571|283|	83	-
ENST00000733947.1|ENSG00000295921.1|-|-|ENST00000733947|ENSG00000295921|1344|	346	-
ENST00000657010.1|ENSG00000245857.5|OTTHUMG00000165210.4|OTTHUMT00000507566.1|GS1-24F4.2-204|GS1-24F4.2|1557|	1194	+
ENST00000657010.1|ENSG00000245857.5|OTTHUMG00000165210.4|OTTHUMT00000507566.1|GS1-24F4.2-204|GS1-24F4.2|1557|	1200	+
ENST00000689104.2|ENSG00000253893.3|OTTHUMG00000163729.2|-|FAM85B-206|FAM85B|3250|	2194	+
ENST00000813555.1|ENSG00000305866.1|-|-|ENST00000813555|ENSG00000305866|503|	451	+
ENST00000533287.1|ENSG00000254762.1|OTTHUMG00000166906.1|OTTHUMT00000391824.1|KLC2-AS2-201|KLC2-AS2|272|	163	-
ENST00000546324.1|ENSG00000257038.2|OTTHUMG00000167970.2|OTTHUMT00000397364.2|ARHGEF17-AS1-201|ARHGEF17-AS1|1695|	466	-
ENST00000706364.1|ENSG00000245248.11|OTTHUMG00000166173.10|OTTHUMT00000388380.1|USP2-AS1-219|USP2-AS1|4476|	2166	+
ENST00000552525.1|ENSG00000257286.1|OTTHUMG00000169656.1|OTTHUMT00000405306.1|ENST00000552525|ENSG00000257286|248|	155	-
ENST00000544939.1|ENSG00000256569.1|OTTHUMG00000169202.1|OTTHUMT00000402860.1|ENST00000544939|ENSG00000256569|569|	212	-
ENST00000555043.2|ENSG00000258377.2|OTTHUMG00000170874.1|OTTHUMT00000410795.1|ENST00000555043|ENSG00000258377|2535|	1454	-
ENST00000555043.2|ENSG00000258377.2|OTTHUMG00000170874.1|OTTHUMT00000410795.1|ENST00000555043|ENSG00000258377|2535|	1528	-
ENST00000778697.1|ENSG00000301403.1|-|-|ENST00000778697|ENSG00000301403|1375|	163	-
ENST00000763460.1|ENSG00000299429.1|-|-|ENST00000763460|ENSG00000299429|1542|	861	+
ENST00000565685.1|ENSG00000261687.1|OTTHUMG00000176487.1|OTTHUMT00000432240.1|ENST00000565685|ENSG00000261687|532|	303	-
ENST00000821742.1|ENSG00000306875.1|-|-|ENST00000821742|ENSG00000306875|1397|	1341	+
ENST00000562166.1|ENSG00000261093.1|OTTHUMG00000177171.1|OTTHUMT00000435703.1|ENST00000562166|ENSG00000261093|1838|	508	-
ENST00000535363.1|ENSG00000256013.1|OTTHUMG00000168065.1|OTTHUMT00000397902.1|ENST00000535363|ENSG00000256013|533|	459	-
ENST00000540502.2|ENSG00000290394.3|-|OTTHUMT00000398569.1|PKD1P6-NPIPP1-206|PKD1P6-NPIPP1|6144|	84	+
ENST00000569981.2|ENSG00000238045.10|OTTHUMG00000132117.4|OTTHUMT00000477845.1|MVP-DT-205|MVP-DT|2449|	1049	-
ENST00000818129.1|ENSG00000238045.10|OTTHUMG00000132117.4|-|MVP-DT-211|MVP-DT|1022|	392	-
ENST00000567090.1|ENSG00000260345.1|OTTHUMG00000176595.1|OTTHUMT00000432722.1|ENST00000567090|ENSG00000260345|298|	62	+
ENST00000564984.1|ENSG00000260121.1|OTTHUMG00000175691.1|OTTHUMT00000430831.1|ENST00000564984|ENSG00000260121|1845|	1778	-
ENST00000562866.1|ENSG00000261373.1|OTTHUMG00000173220.1|OTTHUMT00000422513.1|VPS9D1-AS1-202|VPS9D1-AS1|1753|	556	-
ENST00000581621.1|ENSG00000264772.6|OTTHUMG00000178274.1|OTTHUMT00000441295.1|ENST00000581621|ENSG00000264772|4554|	2222	+
ENST00000737421.1|ENSG00000291074.2|-|-|CCDC144NL-208|CCDC144NL|984|	755	-
ENST00000580714.2|ENSG00000265254.2|OTTHUMG00000179305.1|OTTHUMT00000445702.1|ENST00000580714|ENSG00000265254|1113|	255	-
ENST00000750645.1|ENSG00000297739.1|-|-|ENST00000750645|ENSG00000297739|702|	99	-
ENST00000620266.1|ENSG00000278730.1|OTTHUMG00000186693.1|OTTHUMT00000473628.1|ENST00000620266|ENSG00000278730|2921|	842	+
ENST00000622750.1|ENSG00000277476.1|OTTHUMG00000186695.2|OTTHUMT00000473630.2|ENST00000622750|ENSG00000277476|2735|	1714	-
ENST00000625094.1|ENSG00000279035.1|OTTHUMG00000179347.1|OTTHUMT00000445864.1|ENST00000625094|ENSG00000279035|2161|	864	-
ENST00000585184.1|ENSG00000266495.1|OTTHUMG00000179210.1|OTTHUMT00000445289.1|ENST00000585184|ENSG00000266495|389|	185	-
ENST00000686350.1|ENSG00000267106.10|OTTHUMG00000180135.7|-|ZNF561-AS1-212|ZNF561-AS1|2048|	792	-
ENST00000591501.3|ENSG00000267100.3|OTTHUMG00000180586.1|OTTHUMT00000452058.1|ILF3-DT-201|ILF3-DT|2021|	156	+
ENST00000781978.1|ENSG00000301801.1|-|-|ENST00000781978|ENSG00000301801|488|	130	-
ENST00000452097.1|ENSG00000237017.1|OTTHUMG00000066041.2|OTTHUMT00000141421.2|PRPF31-AS1-201|PRPF31-AS1|4158|	706	-
ENST00000586923.1|ENSG00000276570.1|OTTHUMG00000180703.1|OTTHUMT00000452661.1|ENST00000586923|ENSG00000276570|3061|	412	+
ENST00000773496.1|ENSG00000273998.2|OTTHUMG00000186702.1|-|ENST00000773496|ENSG00000273998|1190|	1002	-
ENST00000741842.1|ENSG00000222042.3|OTTHUMG00000078325.5|-|ENST00000741842|ENSG00000222042|2062|	281	-
ENST00000476405.1|ENSG00000093100.13|OTTHUMG00000150085.1|OTTHUMT00000316175.1|ENST00000476405|ENSG00000093100|4328|	1027	+
ENST00000480546.1|ENSG00000293162.1|-|OTTHUMT00000351483.1|ENST00000480546|ENSG00000293162|3350|	1564	+
ENST00000814735.1|ENSG00000306015.1|-|-|ENST00000814735|ENSG00000306015|526|	386	-
ENST00000841148.1|ENSG00000309441.1|-|-|ENST00000841148|ENSG00000309441|1186|	346	+
ENST00000502083.2|ENSG00000245025.4|OTTHUMG00000163755.2|OTTHUMT00000375235.1|ENST00000502083|ENSG00000245025|1945|	1247	-
ENST00000824450.1|ENSG00000307192.1|-|-|ENST00000824450|ENSG00000307192|1545|	1542	+
ENST00000658000.1|ENSG00000204682.10|OTTHUMG00000017795.3|OTTHUMT00000047130.3|MIR1915HG-201|MIR1915HG|3799|	1772	+
ENST00000591501.3|ENSG00000267100.3|OTTHUMG00000180586.1|OTTHUMT00000452058.1|ILF3-DT-201|ILF3-DT|2021|	290	+
ENST00000601296.3|ENSG00000268858.3|OTTHUMG00000187033.1|OTTHUMT00000474290.1|ENST00000601296|ENSG00000268858|4012|	2333	+
ENST00000565181.1|ENSG00000261423.4|OTTHUMG00000173055.1|OTTHUMT00000421959.1|TMEM202-AS1-202|TMEM202-AS1|2325|	202	-
ENST00000592893.1|ENSG00000266978.2|OTTHUMG00000180401.1|OTTHUMT00000451205.1|LIMASI-202|LIMASI|918|	508	-
ENST00000686540.3|ENSG00000288873.3|-|-|ENST00000686540|ENSG00000288873|882|	164	+
ENST00000434147.1|ENSG00000224195.1|OTTHUMG00000018479.1|OTTHUMT00000048685.1|CAMK2G-AS1-201|CAMK2G-AS1|445|	172	-
ENST00000616163.1|ENSG00000176868.3|OTTHUMG00000186801.1|OTTHUMT00000473806.1|ENST00000616163|ENSG00000176868|2713|	1420	-
ENST00000565181.1|ENSG00000261423.4|OTTHUMG00000173055.1|OTTHUMT00000421959.1|TMEM202-AS1-202|TMEM202-AS1|2325|	659	-
ENST00000532280.1|ENSG00000293199.1|-|OTTHUMT00000395145.1|PTENP1-202|PTENP1|3996|	1585	+
ENST00000508096.1|ENSG00000249456.1|OTTHUMG00000019222.1|OTTHUMT00000050897.1|ENST00000508096|ENSG00000249456|555|	340	+
ENST00000591360.1|ENSG00000267257.1|OTTHUMG00000179968.1|OTTHUMT00000449126.1|ENST00000591360|ENSG00000267257|2553|	1121	-
ENST00000661767.1|ENSG00000259668.6|OTTHUMG00000172525.2|OTTHUMT00000526787.1|ENST00000661767|ENSG00000259668|3042|	876	-
ENST00000563635.5|ENSG00000261553.5|OTTHUMG00000172802.1|OTTHUMT00000420532.1|ENST00000563635|ENSG00000261553|4128|	934	+
ENST00000716284.1|ENSG00000290835.2|-|-|ENST00000716284|ENSG00000290835|5841|	4358	+
ENST00000722334.1|ENSG00000235527.8|OTTHUMG00000011982.4|-|HIPK1-AS1-207|HIPK1-AS1|494|	437	-
ENST00000488720.1|ENSG00000244161.1|OTTHUMG00000159156.1|OTTHUMT00000353556.1|FLNB-AS1-202|FLNB-AS1|3709|	43	-
ENST00000623414.1|ENSG00000279569.1|OTTHUMG00000177024.1|OTTHUMT00000434930.1|ENST00000623414|ENSG00000279569|4170|	1250	-
ENST00000658000.1|ENSG00000204682.10|OTTHUMG00000017795.3|OTTHUMT00000047130.3|MIR1915HG-201|MIR1915HG|3799|	1600	+
ENST00000451424.1|ENSG00000117242.7|OTTHUMG00000002840.1|OTTHUMT00000007953.1|PINK1-AS-201|PINK1-AS|4443|	349	+
ENST00000627992.4|ENSG00000232973.15|OTTHUMG00000128569.16|OTTHUMT00000480497.2|CYP1B1-AS1-222|CYP1B1-AS1|2470|	335	-
ENST00000477288.5|ENSG00000288473.1|OTTHUMG00000031263.3|OTTHUMT00000076565.2|ENST00000477288|ENSG00000288473|6054|	3675	+
ENST00000759525.1|ENSG00000291185.2|-|-|ENST00000759525|ENSG00000291185|2513|	2456	+
ENST00000655120.1|ENSG00000287125.1|OTTHUMG00000195347.1|OTTHUMT00000526477.1|ENST00000655120|ENSG00000287125|1995|	1063	-
ENST00000500185.3|ENSG00000246889.4|OTTHUMG00000167270.2|OTTHUMT00000393933.2|CTTN-DT-201|CTTN-DT|2606|	990	-
ENST00000792246.1|ENSG00000226889.5|OTTHUMG00000034539.2|-|ATF6-DT-213|ATF6-DT|750|	62	-
ENST00000800872.1|ENSG00000304185.1|-|-|ENST00000800872|ENSG00000304185|583|	233	+
ENST00000602584.1|ENSG00000293351.2|-|OTTHUMT00000467477.1|MAP2K4P1-202|MAP2K4P1|2539|	1461	+
ENST00000479606.5|ENSG00000285314.1|OTTHUMG00000192616.1|OTTHUMT00000497423.1|ENST00000479606|ENSG00000285314|3442|	3204	+
ENST00000565113.5|ENSG00000261771.5|OTTHUMG00000172694.1|OTTHUMT00000419949.1|DNAAF4-CCPG1-201|DNAAF4-CCPG1|4589|	2104	+
ENST00000624088.1|ENSG00000279861.1|OTTHUMG00000183421.1|OTTHUMT00000466547.1|ENST00000624088|ENSG00000279861|1882|	1255	+
ENST00000653257.1|ENSG00000287315.1|OTTHUMG00000193832.1|OTTHUMT00000505240.1|ENST00000653257|ENSG00000287315|4828|	2664	-
ENST00000797157.1|ENSG00000303781.1|-|-|ENST00000797157|ENSG00000303781|1072|	857	+
ENST00000652221.2|ENSG00000293485.2|-|OTTHUMT00000499618.2|SERHL-205|SERHL|2459|	1828	-
ENST00000609744.1|ENSG00000273420.1|OTTHUMG00000186174.1|OTTHUMT00000472361.1|ENST00000609744|ENSG00000273420|511|	76	+
ENST00000624493.1|ENSG00000279696.1|OTTHUMG00000167487.1|OTTHUMT00000394788.1|ENST00000624493|ENSG00000279696|3152|	1028	-
ENST00000701499.2|ENSG00000289902.2|-|-|ENST00000701499|ENSG00000289902|4655|	1130	+
ENST00000720566.1|ENSG00000247877.9|OTTHUMG00000162801.2|-|FAM174A-DT-242|FAM174A-DT|1351|	241	-
ENST00000608721.1|ENSG00000272841.1|OTTHUMG00000185865.1|OTTHUMT00000471562.1|MAP3K4-AS1-201|MAP3K4-AS1|2025|	298	-
ENST00000663001.1|ENSG00000241313.3|OTTHUMG00000159618.2|OTTHUMT00000528471.1|WWTR1-AS1-204|WWTR1-AS1|600|	15	-
ENST00000826981.1|ENSG00000262099.2|OTTHUMG00000177876.1|-|DHX33-DT-206|DHX33-DT|713|	189	-
ENST00000600311.1|ENSG00000293009.1|-|OTTHUMT00000467166.1|ENST00000600311|ENSG00000293009|1322|	1016	+
ENST00000567834.1|ENSG00000260108.1|OTTHUMG00000176778.1|OTTHUMT00000433711.1|ENST00000567834|ENSG00000260108|2421|	776	+
ENST00000772135.1|ENSG00000225075.2|OTTHUMG00000011907.1|-|ENST00000772135|ENSG00000225075|688|	168	-
ENST00000683187.1|ENSG00000273784.6|OTTHUMG00000016973.2|-|ENST00000683187|ENSG00000273784|2158|	1101	+
ENST00000723780.1|ENSG00000271966.2|OTTHUMG00000185478.1|-|ARFGEF1-DT-206|ARFGEF1-DT|491|	177	-
ENST00000769398.1|ENSG00000286803.2|OTTHUMG00000194308.1|-|ENST00000769398|ENSG00000286803|641|	535	-
ENST00000606533.1|ENSG00000271806.1|OTTHUMG00000185365.1|OTTHUMT00000470331.1|ENST00000606533|ENSG00000271806|4196|	959	-
ENST00000569969.5|ENSG00000261067.7|OTTHUMG00000176707.1|OTTHUMT00000433224.1|ENST00000569969|ENSG00000261067|5296|	2276	+
ENST00000687361.2|ENSG00000289114.2|-|-|ENST00000687361|ENSG00000289114|1632|	350	-
ENST00000532280.1|ENSG00000293199.1|-|OTTHUMT00000395145.1|PTENP1-202|PTENP1|3996|	715	+
ENST00000422418.1|ENSG00000293093.1|-|OTTHUMT00000328256.1|ENST00000422418|ENSG00000293093|418|	133	+
ENST00000838882.1|ENSG00000237248.7|OTTHUMG00000168332.3|-|LINC00987-231|LINC00987|1185|	315	+
ENST00000786455.1|ENSG00000302410.1|-|-|ENST00000786455|ENSG00000302410|1033|	341	-
ENST00000575305.1|ENSG00000261659.2|OTTHUMG00000172952.2|OTTHUMT00000440562.1|ENST00000575305|ENSG00000261659|3413|	212	-
ENST00000624585.3|ENSG00000292986.2|-|OTTHUMT00000492084.2|DUXAP10-210|DUXAP10|6120|	2512	+
ENST00000418663.5|ENSG00000290873.2|-|OTTHUMT00000341394.1|LINC03009-204|LINC03009|2667|	1566	-
ENST00000797456.1|ENSG00000303842.1|-|-|ENST00000797456|ENSG00000303842|491|	251	-
ENST00000555918.1|ENSG00000258938.1|OTTHUMG00000170615.1|OTTHUMT00000409824.1|ENST00000555918|ENSG00000258938|2867|	166	-
ENST00000755339.1|ENSG00000298406.1|-|-|ENST00000755339|ENSG00000298406|729|	145	-
ENST00000841764.1|ENSG00000309501.1|-|-|ENST00000841764|ENSG00000309501|484|	293	-
ENST00000539813.1|ENSG00000256642.1|OTTHUMG00000176379.1|OTTHUMT00000431840.1|LINC00273-201|LINC00273|1452|	725	-
ENST00000603791.1|ENSG00000270504.2|OTTHUMG00000185108.1|OTTHUMT00000469606.1|ENST00000603791|ENSG00000270504|2761|	766	+
ENST00000601296.3|ENSG00000268858.3|OTTHUMG00000187033.1|OTTHUMT00000474290.1|ENST00000601296|ENSG00000268858|4012|	2720	+
ENST00000747077.1|ENSG00000226488.3|OTTHUMG00000151461.6|-|LINC01824-206|LINC01824|1193|	703	-
ENST00000601192.1|ENSG00000269604.1|OTTHUMG00000182049.1|OTTHUMT00000459001.1|ENST00000601192|ENSG00000269604|3568|	3040	-
ENST00000437930.4|ENSG00000180139.11|OTTHUMG00000018703.6|OTTHUMT00000049289.5|ACTA2-AS1-201|ACTA2-AS1|2450|	1000	-
ENST00000806136.1|ENSG00000304757.1|-|-|ENST00000806136|ENSG00000304757|863|	71	-
ENST00000776869.1|ENSG00000301184.1|-|-|ENST00000776869|ENSG00000301184|473|	388	-
ENST00000570843.1|ENSG00000261889.1|OTTHUMG00000177551.1|OTTHUMT00000437541.1|ENST00000570843|ENSG00000261889|748|	54	+
ENST00000648980.1|ENSG00000293098.1|-|OTTHUMT00000499892.1|ENST00000648980|ENSG00000293098|1721|	1185	+
ENST00000555562.1|ENSG00000258920.1|OTTHUMG00000170973.1|OTTHUMT00000411017.1|FOXN3-AS1-201|FOXN3-AS1|1077|	472	+
ENST00000433175.6|ENSG00000249700.10|OTTHUMG00000160655.9|OTTHUMT00000361585.2|SRD5A3-AS1-201|SRD5A3-AS1|1617|	1380	-
ENST00000804698.1|ENSG00000251364.10|OTTHUMG00000165526.3|-|SYT9-AS1-219|SYT9-AS1|2243|	1713	-
ENST00000824850.1|ENSG00000307273.1|-|-|ENST00000824850|ENSG00000307273|626|	17	-
ENST00000623557.1|ENSG00000280211.1|OTTHUMG00000176904.1|OTTHUMT00000434290.1|ENST00000623557|ENSG00000280211|2502|	820	-
ENST00000661054.1|ENSG00000287831.1|OTTHUMG00000195745.1|OTTHUMT00000528575.1|ENST00000661054|ENSG00000287831|2518|	248	+
ENST00000575305.1|ENSG00000261659.2|OTTHUMG00000172952.2|OTTHUMT00000440562.1|ENST00000575305|ENSG00000261659|3413|	758	-
ENST00000567968.2|ENSG00000224888.4|OTTHUMG00000156775.4|OTTHUMT00000423096.2|HSALR1-202|HSALR1|4528|	829	-
ENST00000823169.1|ENSG00000307056.1|-|-|ENST00000823169|ENSG00000307056|523|	319	+
ENST00000793030.1|ENSG00000286074.2|OTTHUMG00000193119.1|-|ENST00000793030|ENSG00000286074|462|	170	-
ENST00000719238.1|ENSG00000293818.1|-|-|ENST00000719238|ENSG00000293818|475|	379	-
ENST00000456333.3|ENSG00000234636.3|OTTHUMG00000024106.3|OTTHUMT00000060687.3|MED14OS-201|MED14OS|1111|	38	-
ENST00000310771.8|ENSG00000272752.7|OTTHUMG00000186252.1|OTTHUMT00000472500.1|STAG3L5P-PVRIG2P-PILRB-201|STAG3L5P-PVRIG2P-PILRB|3634|	2625	+
ENST00000653257.1|ENSG00000287315.1|OTTHUMG00000193832.1|OTTHUMT00000505240.1|ENST00000653257|ENSG00000287315|4828|	2122	-
ENST00000726052.1|ENSG00000294800.1|-|-|ENST00000726052|ENSG00000294800|1516|	410	-
ENST00000549725.1|ENSG00000258034.2|OTTHUMG00000169460.1|OTTHUMT00000404172.1|ENST00000549725|ENSG00000258034|501|	151	-
ENST00000557452.1|ENSG00000293169.1|-|OTTHUMT00000410896.1|ENST00000557452|ENSG00000293169|3942|	2260	+
ENST00000542022.1|ENSG00000256007.1|OTTHUMG00000167950.1|OTTHUMT00000397233.1|ARAP1-AS1-201|ARAP1-AS1|388|	131	-
ENST00000668183.1|ENSG00000273507.8|OTTHUMG00000187359.3|OTTHUMT00000523265.1|ENST00000668183|ENSG00000273507|3380|	557	-
ENST00000827869.1|ENSG00000228857.4|OTTHUMG00000153496.1|-|ACTR3-AS1-214|ACTR3-AS1|1815|	242	-
ENST00000602631.1|ENSG00000293223.1|-|OTTHUMT00000467286.1|ENST00000602631|ENSG00000293223|3403|	1317	+
ENST00000786474.1|ENSG00000214772.3|OTTHUMG00000168734.1|-|GUCY2C-AS1-203|GUCY2C-AS1|1220|	915	-
ENST00000526867.1|ENSG00000255351.1|OTTHUMG00000165683.1|OTTHUMT00000385791.1|ENST00000526867|ENSG00000255351|594|	13	-
ENST00000755297.1|ENSG00000298396.1|-|-|ENST00000755297|ENSG00000298396|237|	88	-
ENST00000763425.1|ENSG00000299425.1|-|-|ENST00000763425|ENSG00000299425|2251|	2166	+
ENST00000665917.1|ENSG00000245025.4|OTTHUMG00000163755.2|OTTHUMT00000527942.1|ENST00000665917|ENSG00000245025|4918|	978	-
ENST00000778232.1|ENSG00000301338.1|-|-|ENST00000778232|ENSG00000301338|604|	157	-
ENST00000619017.1|ENSG00000246548.4|OTTHUMG00000171579.3|OTTHUMT00000474250.2|LINC02288-202|LINC02288|3487|	221	-
ENST00000624988.1|ENSG00000279225.1|OTTHUMG00000177081.2|OTTHUMT00000435211.2|ENST00000624988|ENSG00000279225|240|	56	-
ENST00000441170.1|ENSG00000293004.1|-|OTTHUMT00000257991.1|ENST00000441170|ENSG00000293004|1663|	1087	+
ENST00000724469.1|ENSG00000289937.2|-|-|ENST00000724469|ENSG00000289937|1147|	451	-
ENST00000565387.2|ENSG00000261351.2|OTTHUMG00000172828.2|OTTHUMT00000420724.2|ENST00000565387|ENSG00000261351|2168|	181	-
ENST00000574423.2|ENSG00000263212.2|OTTHUMG00000177721.2|OTTHUMT00000438652.2|ENST00000574423|ENSG00000263212|529|	346	+
ENST00000619056.2|ENSG00000275038.2|OTTHUMG00000166260.4|OTTHUMT00000388769.3|ENST00000619056|ENSG00000275038|3056|	195	-
ENST00000786433.1|ENSG00000302407.1|-|-|ENST00000786433|ENSG00000302407|474|	96	-
ENST00000513358.3|ENSG00000250899.3|OTTHUMG00000168179.2|OTTHUMT00000398625.2|ENST00000513358|ENSG00000250899|3514|	1010	+
ENST00000623156.1|ENSG00000278918.1|OTTHUMG00000179632.1|OTTHUMT00000447447.1|ENST00000623156|ENSG00000278918|2491|	2186	-
ENST00000507296.1|ENSG00000249275.2|OTTHUMG00000161532.1|OTTHUMT00000365220.1|ENST00000507296|ENSG00000249275|812|	205	-
ENST00000728739.1|ENSG00000295229.1|-|-|ENST00000728739|ENSG00000295229|1150|	730	-
ENST00000493504.1|ENSG00000267858.9|OTTHUMG00000183549.3|OTTHUMT00000350753.1|MZF1-AS1-204|MZF1-AS1|3282|	2908	+
ENST00000488045.1|ENSG00000293008.1|-|OTTHUMT00000349014.1|ENST00000488045|ENSG00000293008|1493|	1414	+
ENST00000601726.3|ENSG00000234222.7|OTTHUMG00000042245.4|OTTHUMT00000461246.1|LIX1L-AS1-218|LIX1L-AS1|840|	600	-
ENST00000747859.1|ENSG00000297428.1|-|-|ENST00000747859|ENSG00000297428|2003|	141	-
ENST00000637601.2|ENSG00000290999.2|-|OTTHUMT00000489142.1|ENST00000637601|ENSG00000290999|3451|	74	+
ENST00000664768.3|ENSG00000286650.3|OTTHUMG00000193955.1|OTTHUMT00000507691.1|ENST00000664768|ENSG00000286650|1590|	388	-
ENST00000598541.1|ENSG00000269652.1|OTTHUMG00000182739.1|OTTHUMT00000463402.1|ENST00000598541|ENSG00000269652|286|	24	-
ENST00000552525.1|ENSG00000257286.1|OTTHUMG00000169656.1|OTTHUMT00000405306.1|ENST00000552525|ENSG00000257286|248|	9	-
ENST00000535755.1|ENSG00000256879.2|OTTHUMG00000168961.1|OTTHUMT00000401755.1|PDE3A-AS1-201|PDE3A-AS1|525|	283	-
ENST00000458178.2|ENSG00000224086.7|OTTHUMG00000153510.3|OTTHUMT00000331447.2|PPM1F-AS1-201|PPM1F-AS1|37852|	24195	-
ENST00000565113.5|ENSG00000261771.5|OTTHUMG00000172694.1|OTTHUMT00000419949.1|DNAAF4-CCPG1-201|DNAAF4-CCPG1|4589|	2677	+
ENST00000610245.1|ENSG00000273192.1|OTTHUMG00000186143.1|OTTHUMT00000472317.1|ENST00000610245|ENSG00000273192|2349|	1117	-
ENST00000734656.1|ENSG00000295970.1|-|-|ENST00000734656|ENSG00000295970|1650|	1354	+
ENST00000609207.1|ENSG00000223764.3|OTTHUMG00000040718.2|OTTHUMT00000473217.1|LINC02593-203|LINC02593|4152|	2201	+
ENST00000600303.1|ENSG00000268093.1|OTTHUMG00000183317.1|OTTHUMT00000466150.1|ENST00000600303|ENSG00000268093|766|	176	-
ENST00000658000.1|ENSG00000204682.10|OTTHUMG00000017795.3|OTTHUMT00000047130.3|MIR1915HG-201|MIR1915HG|3799|	1591	+
ENST00000565879.1|ENSG00000261691.1|OTTHUMG00000172798.1|OTTHUMT00000420520.1|ENST00000565879|ENSG00000261691|476|	44	-
ENST00000798229.1|ENSG00000303944.1|-|-|ENST00000798229|ENSG00000303944|904|	543	+
ENST00000658072.1|ENSG00000245275.10|OTTHUMG00000163570.7|OTTHUMT00000504979.1|SAP30L-AS1-207|SAP30L-AS1|4591|	478	-
ENST00000545958.1|ENSG00000256469.1|OTTHUMG00000167864.1|OTTHUMT00000396687.1|ENST00000545958|ENSG00000256469|593|	267	-
ENST00000361201.8|ENSG00000290868.1|-|OTTHUMT00000058758.3|CSAG4-202|CSAG4|755|	473	+
ENST00000624094.1|ENSG00000280143.1|OTTHUMG00000167068.1|OTTHUMT00000392880.1|ENST00000624094|ENSG00000280143|5326|	4063	-
ENST00000502511.1|ENSG00000188242.4|OTTHUMG00000162206.2|OTTHUMT00000368036.1|SLC9A3-OT1-202|SLC9A3-OT1|552|	91	+
ENST00000827558.1|ENSG00000307628.1|-|-|ENST00000827558|ENSG00000307628|1542|	1455	-
ENST00000569969.5|ENSG00000261067.7|OTTHUMG00000176707.1|OTTHUMT00000433224.1|ENST00000569969|ENSG00000261067|5296|	2644	+
ENST00000772789.1|ENSG00000300572.1|-|-|ENST00000772789|ENSG00000300572|1161|	474	-
ENST00000557343.1|ENSG00000258745.1|OTTHUMG00000171000.1|OTTHUMT00000411199.1|ENST00000557343|ENSG00000258745|535|	267	-
ENST00000601192.1|ENSG00000269604.1|OTTHUMG00000182049.1|OTTHUMT00000459001.1|ENST00000601192|ENSG00000269604|3568|	1356	-
ENST00000759525.1|ENSG00000291185.2|-|-|ENST00000759525|ENSG00000291185|2513|	2463	+
ENST00000723425.1|ENSG00000294407.1|-|-|ENST00000723425|ENSG00000294407|376|	60	-
ENST00000583942.3|ENSG00000261780.4|OTTHUMG00000176206.9|OTTHUMT00000444218.2|LINC02582-203|LINC02582|3166|	497	+
ENST00000701499.2|ENSG00000289902.2|-|-|ENST00000701499|ENSG00000289902|4655|	658	+
ENST00000833491.1|ENSG00000236810.9|OTTHUMG00000002959.4|-|ELOA-AS1-212|ELOA-AS1|468|	240	-
ENST00000586894.1|ENSG00000267633.1|OTTHUMG00000180913.1|OTTHUMT00000453618.1|ENST00000586894|ENSG00000267633|565|	537	-
ENST00000689490.2|ENSG00000288851.2|-|-|ENST00000689490|ENSG00000288851|433|	120	-
ENST00000461287.1|ENSG00000204422.7|OTTHUMG00000031253.7|OTTHUMT00000328320.4|ENST00000461287|ENSG00000204422|2332|	1914	+
ENST00000767581.1|ENSG00000267677.2|OTTHUMG00000180086.1|-|ENST00000767581|ENSG00000267677|354|	199	-
ENST00000826981.1|ENSG00000262099.2|OTTHUMG00000177876.1|-|DHX33-DT-206|DHX33-DT|713|	227	-
ENST00000816389.1|ENSG00000306236.1|-|-|ENST00000816389|ENSG00000306236|462|	447	-
ENST00000563777.2|ENSG00000260852.2|OTTHUMG00000176767.1|OTTHUMT00000255534.2|FBXL19-AS1-201|FBXL19-AS1|3961|	456	+
ENST00000404796.3|ENSG00000264545.2|OTTHUMG00000179355.1|OTTHUMT00000445913.1|ENST00000404796|ENSG00000264545|622|	281	+
ENST00000557733.1|ENSG00000258749.1|OTTHUMG00000171507.1|OTTHUMT00000413809.1|ENST00000557733|ENSG00000258749|889|	280	-
ENST00000586923.1|ENSG00000276570.1|OTTHUMG00000180703.1|OTTHUMT00000452661.1|ENST00000586923|ENSG00000276570|3061|	391	+
ENST00000806136.1|ENSG00000304757.1|-|-|ENST00000806136|ENSG00000304757|863|	89	-
ENST00000850260.1|ENSG00000293311.2|-|-|SMPD4BP-207|SMPD4BP|3552|	2062	+
ENST00000663394.2|ENSG00000205861.14|OTTHUMG00000016571.4|OTTHUMT00000505687.1|PCOTH-203|PCOTH|1305|	355	-
ENST00000833003.1|ENSG00000308291.1|-|-|ENST00000833003|ENSG00000308291|476|	172	+
ENST00000565098.3|ENSG00000260830.3|OTTHUMG00000172910.1|OTTHUMT00000421341.1|ENST00000565098|ENSG00000260830|1587|	602	-
ENST00000606994.3|ENSG00000272086.3|OTTHUMG00000185453.1|OTTHUMT00000470550.1|GOLPH3-DT-201|GOLPH3-DT|1926|	125	-
ENST00000767580.1|ENSG00000267677.2|OTTHUMG00000180086.1|-|ENST00000767580|ENSG00000267677|685|	302	-
ENST00000832392.1|ENSG00000308190.1|-|-|ENST00000832392|ENSG00000308190|139|	49	+
ENST00000419300.3|ENSG00000204054.15|OTTHUMG00000020783.66|OTTHUMT00000106519.3|LINC00963-202|LINC00963|9557|	2016	+
ENST00000592932.1|ENSG00000293183.1|-|OTTHUMT00000451959.1|ENST00000592932|ENSG00000293183|1624|	848	+
ENST00000635637.1|ENSG00000293205.1|-|OTTHUMT00000488032.1|TPI1P2-202|TPI1P2|2017|	952	+
ENST00000480546.1|ENSG00000293162.1|-|OTTHUMT00000351483.1|ENST00000480546|ENSG00000293162|3350|	1900	+
ENST00000611259.1|ENSG00000276101.1|OTTHUMG00000186719.1|OTTHUMT00000473667.1|ENST00000611259|ENSG00000276101|610|	263	-
ENST00000611923.1|ENSG00000278713.1|OTTHUMG00000186861.1|OTTHUMT00000473926.1|ENST00000611923|ENSG00000278713|658|	404	-
ENST00000569969.5|ENSG00000261067.7|OTTHUMG00000176707.1|OTTHUMT00000433224.1|ENST00000569969|ENSG00000261067|5296|	719	+
ENST00000565181.1|ENSG00000261423.4|OTTHUMG00000173055.1|OTTHUMT00000421959.1|TMEM202-AS1-202|TMEM202-AS1|2325|	627	-
ENST00000772447.1|ENSG00000300506.1|-|-|ENST00000772447|ENSG00000300506|2133|	1687	-
ENST00000438872.1|ENSG00000244380.2|OTTHUMG00000156589.2|OTTHUMT00000344705.2|ENST00000438872|ENSG00000244380|885|	699	-
ENST00000832786.1|ENSG00000308247.1|-|-|ENST00000832786|ENSG00000308247|368|	58	+
ENST00000425674.1|ENSG00000235016.2|OTTHUMG00000156795.1|OTTHUMT00000345842.1|SEMA3F-AS1-201|SEMA3F-AS1|565|	365	-
ENST00000784726.1|ENSG00000302163.1|-|-|ENST00000784726|ENSG00000302163|685|	11	-
ENST00000555043.2|ENSG00000258377.2|OTTHUMG00000170874.1|OTTHUMT00000410795.1|ENST00000555043|ENSG00000258377|2535|	2319	-
ENST00000602342.1|ENSG00000269984.1|OTTHUMG00000184028.1|OTTHUMT00000467805.1|ENST00000602342|ENSG00000269984|3143|	1041	-
ENST00000624088.1|ENSG00000279861.1|OTTHUMG00000183421.1|OTTHUMT00000466547.1|ENST00000624088|ENSG00000279861|1882|	1740	+
ENST00000425081.4|ENSG00000236618.4|OTTHUMG00000132194.2|OTTHUMT00000255247.2|PITPNA-AS1-201|PITPNA-AS1|668|	154	+
ENST00000412713.1|ENSG00000243762.1|OTTHUMG00000150489.2|OTTHUMT00000318391.2|ENST00000412713|ENSG00000243762|526|	357	-
ENST00000734235.1|ENSG00000272324.6|OTTHUMG00000185440.1|-|DAP-DT-205|DAP-DT|378|	36	-
ENST00000784896.1|ENSG00000302197.1|-|-|ENST00000784896|ENSG00000302197|949|	414	-
ENST00000532191.2|ENSG00000285338.1|OTTHUMG00000192502.1|OTTHUMT00000494792.1|ENST00000532191|ENSG00000285338|1349|	259	+
ENST00000617813.1|ENSG00000237126.9|OTTHUMG00000153318.5|OTTHUMT00000475919.1|ENST00000617813|ENSG00000237126|907|	532	-
ENST00000619017.1|ENSG00000246548.4|OTTHUMG00000171579.3|OTTHUMT00000474250.2|LINC02288-202|LINC02288|3487|	321	-
ENST00000576302.1|ENSG00000262211.1|OTTHUMG00000177604.1|OTTHUMT00000438029.1|ENST00000576302|ENSG00000262211|797|	256	-
ENST00000649556.1|ENSG00000285952.1|OTTHUMG00000129479.10|OTTHUMT00000499799.1|ENST00000649556|ENSG00000285952|2234|	938	+
ENST00000588144.2|ENSG00000267226.3|OTTHUMG00000180006.2|OTTHUMT00000449254.2|MALT1-AS1-201|MALT1-AS1|1209|	362	-
ENST00000601296.3|ENSG00000268858.3|OTTHUMG00000187033.1|OTTHUMT00000474290.1|ENST00000601296|ENSG00000268858|4012|	1817	+
ENST00000552576.4|ENSG00000258056.4|OTTHUMG00000170187.2|OTTHUMT00000407841.2|CD63-AS1-201|CD63-AS1|1474|	1046	+
ENST00000608314.1|ENSG00000272905.1|OTTHUMG00000186216.1|OTTHUMT00000472431.1|ENST00000608314|ENSG00000272905|668|	237	+
ENST00000502284.1|ENSG00000251143.1|OTTHUMG00000167782.1|OTTHUMT00000396243.1|ENST00000502284|ENSG00000251143|4233|	92	-
ENST00000477288.5|ENSG00000288473.1|OTTHUMG00000031263.3|OTTHUMT00000076565.2|ENST00000477288|ENSG00000288473|6054|	4047	+
ENST00000441170.1|ENSG00000293004.1|-|OTTHUMT00000257991.1|ENST00000441170|ENSG00000293004|1663|	355	+
ENST00000698784.1|ENSG00000289750.1|-|-|ENST00000698784|ENSG00000289750|3086|	2221	+
ENST00000758026.1|ENSG00000285948.2|OTTHUMG00000192957.1|-|ENST00000758026|ENSG00000285948|1234|	1059	-
ENST00000500632.1|ENSG00000247903.1|OTTHUMG00000169268.1|OTTHUMT00000403212.1|ENST00000500632|ENSG00000247903|2549|	499	-
ENST00000546324.1|ENSG00000257038.2|OTTHUMG00000167970.2|OTTHUMT00000397364.2|ARHGEF17-AS1-201|ARHGEF17-AS1|1695|	465	-
ENST00000583314.1|ENSG00000266171.1|OTTHUMG00000178298.1|OTTHUMT00000441415.1|ENST00000583314|ENSG00000266171|1714|	1071	-
ENST00000576912.1|ENSG00000261845.2|OTTHUMG00000177963.1|OTTHUMT00000439994.1|ENST00000576912|ENSG00000261845|1190|	69	-
ENST00000841092.1|ENSG00000227354.8|OTTHUMG00000017131.5|-|RBM26-AS1-211|RBM26-AS1|1498|	238	-
ENST00000515614.4|ENSG00000249628.4|OTTHUMG00000168151.2|OTTHUMT00000398456.2|LINC00942-201|LINC00942|2227|	520	+
ENST00000537889.2|ENSG00000290391.2|-|OTTHUMT00000398420.1|ENST00000537889|ENSG00000290391|1758|	1705	+
ENST00000770403.1|ENSG00000183154.2|OTTHUMG00000164036.1|-|ENST00000770403|ENSG00000183154|983|	551	+
ENST00000657798.1|ENSG00000224078.16|OTTHUMG00000056661.56|OTTHUMT00000517729.2|SNHG14-256|SNHG14|2641|	436	+
ENST00000540547.1|ENSG00000256034.1|OTTHUMG00000168031.1|OTTHUMT00000397622.1|ENST00000540547|ENSG00000256034|428|	91	-
ENST00000652769.2|ENSG00000269929.7|OTTHUMG00000184012.4|OTTHUMT00000467606.2|MIRLET7A1HG-203|MIRLET7A1HG|3824|	3315	+
ENST00000608442.2|ENSG00000272620.2|OTTHUMG00000186238.2|OTTHUMT00000472463.2|AFAP1-AS1-201|AFAP1-AS1|6808|	2620	-
ENST00000619666.1|ENSG00000275202.1|OTTHUMG00000187380.1|OTTHUMT00000474857.1|ENST00000619666|ENSG00000275202|1101|	32	-
ENST00000564984.1|ENSG00000260121.1|OTTHUMG00000175691.1|OTTHUMT00000430831.1|ENST00000564984|ENSG00000260121|1845|	1662	-
ENST00000583521.1|ENSG00000263585.1|OTTHUMG00000178437.1|OTTHUMT00000441969.1|PYCR1-AS1-201|PYCR1-AS1|450|	388	-
ENST00000566287.1|ENSG00000261641.2|OTTHUMG00000176553.1|OTTHUMT00000432521.1|ENST00000566287|ENSG00000261641|1124|	80	-
ENST00000473572.2|ENSG00000248101.2|OTTHUMG00000181895.1|OTTHUMT00000458193.1|ENST00000473572|ENSG00000248101|1130|	918	+
ENST00000609744.1|ENSG00000273420.1|OTTHUMG00000186174.1|OTTHUMT00000472361.1|ENST00000609744|ENSG00000273420|511|	409	+
ENST00000623569.1|ENSG00000280213.1|OTTHUMG00000187354.1|OTTHUMT00000474801.1|UCKL1-AS1-201|UCKL1-AS1|3602|	2997	-
ENST00000701499.2|ENSG00000289902.2|-|-|ENST00000701499|ENSG00000289902|4655|	1223	+
ENST00000558304.1|ENSG00000259670.2|OTTHUMG00000172159.1|OTTHUMT00000417150.1|ENST00000558304|ENSG00000259670|406|	308	-
ENST00000816219.1|ENSG00000306197.1|-|-|ENST00000816219|ENSG00000306197|1379|	685	-
ENST00000652224.1|ENSG00000217702.4|OTTHUMG00000187098.2|OTTHUMT00000499114.1|ENST00000652224|ENSG00000217702|517|	393	-
ENST00000563592.5|ENSG00000260898.7|OTTHUMG00000173100.2|OTTHUMT00000422136.1|ADPGK-AS1-201|ADPGK-AS1|2730|	638	-
ENST00000787846.1|ENSG00000302557.1|-|-|ENST00000787846|ENSG00000302557|914|	808	-
ENST00000566287.1|ENSG00000261641.2|OTTHUMG00000176553.1|OTTHUMT00000432521.1|ENST00000566287|ENSG00000261641|1124|	70	-
ENST00000755297.1|ENSG00000298396.1|-|-|ENST00000755297|ENSG00000298396|237|	68	-
ENST00000688886.1|ENSG00000289006.1|-|-|ENST00000688886|ENSG00000289006|2090|	1453	+
ENST00000525548.1|ENSG00000255467.1|OTTHUMG00000166384.1|OTTHUMT00000389505.1|ENST00000525548|ENSG00000255467|964|	838	-
ENST00000841280.1|ENSG00000255521.4|OTTHUMG00000166326.2|-|CD44-DT-204|CD44-DT|1208|	42	-
ENST00000578315.1|ENSG00000293206.1|-|OTTHUMT00000443627.1|ENST00000578315|ENSG00000293206|730|	186	+
ENST00000580587.1|ENSG00000263756.1|OTTHUMG00000178528.1|OTTHUMT00000442381.1|ENST00000580587|ENSG00000263756|577|	311	-
ENST00000741124.1|ENSG00000290849.2|-|-|ENST00000741124|ENSG00000290849|2205|	1894	+
ENST00000549438.1|ENSG00000258317.2|OTTHUMG00000170142.1|OTTHUMT00000407630.1|ENST00000549438|ENSG00000258317|882|	842	-
ENST00000803400.1|ENSG00000273253.3|OTTHUMG00000186123.4|-|TRABD-AS1-202|TRABD-AS1|497|	36	-
ENST00000542466.2|ENSG00000255737.2|OTTHUMG00000170286.1|OTTHUMT00000408368.1|AGAP2-AS1-201|AGAP2-AS1|1500|	238	+
ENST00000738162.1|ENSG00000296321.1|-|-|ENST00000738162|ENSG00000296321|1182|	162	+
ENST00000381796.1|ENSG00000205790.2|OTTHUMG00000182047.1|OTTHUMT00000458999.1|DPP9-AS1-201|DPP9-AS1|3071|	2803	-
ENST00000624585.3|ENSG00000292986.2|-|OTTHUMT00000492084.2|DUXAP10-210|DUXAP10|6120|	1900	+
ENST00000609195.1|ENSG00000233885.7|OTTHUMG00000156899.4|OTTHUMT00000472859.1|YEATS2-AS1-202|YEATS2-AS1|1093|	172	-
ENST00000663269.1|ENSG00000267432.6|OTTHUMG00000177638.4|OTTHUMT00000525518.1|DNAH17-AS1-204|DNAH17-AS1|2710|	570	+
ENST00000723044.1|ENSG00000267395.6|OTTHUMG00000182333.2|-|DM1-AS-205|DM1-AS|431|	43	-
ENST00000400768.2|ENSG00000215692.2|OTTHUMG00000151478.1|OTTHUMT00000322821.1|ENST00000400768|ENSG00000215692|472|	51	-
ENST00000562166.1|ENSG00000261093.1|OTTHUMG00000177171.1|OTTHUMT00000435703.1|ENST00000562166|ENSG00000261093|1838|	773	-
ENST00000452075.7|ENSG00000293313.2|-|OTTHUMT00000047675.3|ZNF37BP-203|ZNF37BP|8637|	3861	+
ENST00000554988.2|ENSG00000259001.4|OTTHUMG00000170789.2|OTTHUMT00000410370.2|ENST00000554988|ENSG00000259001|710|	452	+
ENST00000524499.3|ENSG00000255224.3|OTTHUMG00000165436.1|OTTHUMT00000384064.1|ENST00000524499|ENSG00000255224|1277|	370	-
ENST00000602306.2|ENSG00000270175.2|OTTHUMG00000183931.1|OTTHUMT00000467540.1|ENST00000602306|ENSG00000270175|1425|	258	-
ENST00000452364.1|ENSG00000223947.1|OTTHUMG00000153031.1|OTTHUMT00000329103.1|ENST00000452364|ENSG00000223947|3485|	1293	-
ENST00000592758.1|ENSG00000267469.1|OTTHUMG00000180706.2|OTTHUMT00000452679.2|ENST00000592758|ENSG00000267469|564|	298	-
ENST00000538705.1|ENSG00000256813.1|OTTHUMG00000167705.1|OTTHUMT00000395742.1|CCDC86-AS1-201|CCDC86-AS1|491|	157	-
ENST00000642692.1|ENSG00000293160.2|-|OTTHUMT00000495422.1|ENST00000642692|ENSG00000293160|2026|	962	+
ENST00000848866.1|ENSG00000310295.1|-|-|ENST00000848866|ENSG00000310295|915|	28	-
ENST00000686068.2|ENSG00000289065.2|-|-|ENST00000686068|ENSG00000289065|668|	375	-
ENST00000606915.2|ENSG00000268592.4|OTTHUMG00000185354.1|OTTHUMT00000470302.1|RAET1E-AS1-203|RAET1E-AS1|1217|	714	-
ENST00000623543.1|ENSG00000280007.1|OTTHUMG00000189278.1|OTTHUMT00000479267.1|ENST00000623543|ENSG00000280007|20396|	4682	-
ENST00000520129.1|ENSG00000254208.1|OTTHUMG00000164786.1|OTTHUMT00000380278.1|ENST00000520129|ENSG00000254208|468|	423	-
ENST00000842264.1|ENSG00000309602.1|-|-|ENST00000842264|ENSG00000309602|721|	51	-
ENST00000701499.2|ENSG00000289902.2|-|-|ENST00000701499|ENSG00000289902|4655|	1212	+
ENST00000597949.1|ENSG00000249786.8|OTTHUMG00000129858.7|OTTHUMT00000461140.1|EAF1-AS1-206|EAF1-AS1|816|	444	-
ENST00000633719.1|ENSG00000292982.2|-|OTTHUMT00000475086.2|WASH5P-209|WASH5P|4412|	3580	+
ENST00000674004.1|ENSG00000272620.2|OTTHUMG00000186238.2|OTTHUMT00000529924.1|AFAP1-AS1-202|AFAP1-AS1|5444|	1480	-
ENST00000826981.1|ENSG00000262099.2|OTTHUMG00000177876.1|-|DHX33-DT-206|DHX33-DT|713|	206	-
ENST00000624682.1|ENSG00000280206.1|OTTHUMG00000184128.1|OTTHUMT00000468072.1|ENST00000624682|ENSG00000280206|882|	270	+
ENST00000452097.1|ENSG00000237017.1|OTTHUMG00000066041.2|OTTHUMT00000141421.2|PRPF31-AS1-201|PRPF31-AS1|4158|	1567	-
ENST00000599109.5|ENSG00000268230.5|OTTHUMG00000183515.1|OTTHUMT00000466957.1|ENST00000599109|ENSG00000268230|3322|	2934	-
ENST00000578070.5|ENSG00000290928.2|-|OTTHUMT00000444256.1|ENST00000578070|ENSG00000290928|929|	136	+
ENST00000623856.1|ENSG00000279123.1|OTTHUMG00000178083.1|OTTHUMT00000440450.1|ENST00000623856|ENSG00000279123|713|	639	-
ENST00000658000.1|ENSG00000204682.10|OTTHUMG00000017795.3|OTTHUMT00000047130.3|MIR1915HG-201|MIR1915HG|3799|	584	+
ENST00000831012.1|ENSG00000308088.1|-|-|ENST00000831012|ENSG00000308088|1608|	343	-
ENST00000804385.1|ENSG00000304534.1|-|-|ENST00000804385|ENSG00000304534|461|	229	-
ENST00000619017.1|ENSG00000246548.4|OTTHUMG00000171579.3|OTTHUMT00000474250.2|LINC02288-202|LINC02288|3487|	570	-
ENST00000569969.5|ENSG00000261067.7|OTTHUMG00000176707.1|OTTHUMT00000433224.1|ENST00000569969|ENSG00000261067|5296|	2274	+
ENST00000589673.1|ENSG00000267755.1|OTTHUMG00000180114.1|OTTHUMT00000449824.1|ENST00000589673|ENSG00000267755|392|	59	-
ENST00000779899.1|ENSG00000287151.2|OTTHUMG00000193774.2|-|LINC03124-350|LINC03124|541|	283	-
ENST00000744286.1|ENSG00000297022.1|-|-|ENST00000744286|ENSG00000297022|951|	565	-
ENST00000649184.1|ENSG00000285865.1|OTTHUMG00000192713.1|OTTHUMT00000498919.1|ENST00000649184|ENSG00000285865|2015|	2009	-
ENST00000543969.1|ENSG00000256712.1|OTTHUMG00000168564.1|OTTHUMT00000400240.1|ENST00000543969|ENSG00000256712|385|	80	-
ENST00000326237.3|ENSG00000291224.2|-|OTTHUMT00000339468.1|ENST00000326237|ENSG00000291224|2882|	1172	+
ENST00000567272.1|ENSG00000293084.1|-|OTTHUMT00000436205.1|ENST00000567272|ENSG00000293084|903|	902	+
ENST00000565916.1|ENSG00000261312.1|OTTHUMG00000177250.2|OTTHUMT00000435998.1|ENST00000565916|ENSG00000261312|1379|	791	-
ENST00000798244.1|ENSG00000303948.1|-|-|ENST00000798244|ENSG00000303948|769|	32	-
ENST00000572422.1|ENSG00000293088.2|-|OTTHUMT00000436273.1|ENST00000572422|ENSG00000293088|4912|	665	+
ENST00000537889.2|ENSG00000290391.2|-|OTTHUMT00000398420.1|ENST00000537889|ENSG00000290391|1758|	1065	+
ENST00000594056.1|ENSG00000269680.1|OTTHUMG00000181913.1|OTTHUMT00000458277.1|ENST00000594056|ENSG00000269680|686|	80	-
ENST00000777617.1|ENSG00000301282.1|-|-|ENST00000777617|ENSG00000301282|887|	572	-
ENST00000647653.1|ENSG00000285612.1|OTTHUMG00000192934.1|OTTHUMT00000499623.1|ENST00000647653|ENSG00000285612|3093|	125	-
ENST00000647176.1|ENSG00000290770.2|-|OTTHUMT00000494217.1|MFSD14CP-209|MFSD14CP|9746|	7847	+
ENST00000562538.1|ENSG00000260246.1|OTTHUMG00000172930.1|OTTHUMT00000421369.1|ENST00000562538|ENSG00000260246|491|	309	-
ENST00000542466.2|ENSG00000255737.2|OTTHUMG00000170286.1|OTTHUMT00000408368.1|AGAP2-AS1-201|AGAP2-AS1|1500|	625	+
ENST00000477288.5|ENSG00000288473.1|OTTHUMG00000031263.3|OTTHUMT00000076565.2|ENST00000477288|ENSG00000288473|6054|	5331	+
ENST00000540866.2|ENSG00000256028.2|OTTHUMG00000168770.1|OTTHUMT00000400991.1|ENST00000540866|ENSG00000256028|5618|	2445	+
ENST00000445808.5|ENSG00000225850.5|OTTHUMG00000018851.3|OTTHUMT00000049677.3|ENST00000445808|ENSG00000225850|810|	92	-
