chr1	942427	+
chr1	944219	-
chr1	944475	+
chr1	954014	-
chr1	999131	-
chr1	999142	-
chr1	999785	-
chr1	1043246	+
chr1	1043868	+
chr1	1048884	+
chr1	1055228	+
chr1	1311503	+
chr1	1338565	-
chr1	1340057	-
chr1	1349054	-
chr1	1541674	-
chr1	1598461	-
chr1	1599798	-
chr1	1752811	-
chr1	2391880	+
chr1	6221386	-
chr1	9823793	-
chr1	11925272	-
chr1	11975276	+
chr1	20652513	-
chr1	20744004	-
chr1	21219812	-
chr1	23749021	+
chr1	24660791	+
chr1	24671440	+
chr1	26269493	+
chr1	26826836	+
chr1	27850301	+
chr1	27850303	+
chr1	29154719	-
chr1	31635482	-
chr1	32193250	+
chr1	32197877	+
chr1	32292182	+
chr1	32336019	-
chr1	37808098	+
chr1	37809094	+
chr1	38991487	+
chr1	39753349	+
chr1	40072496	+
chr1	40861436	-
chr1	42930809	-
chr1	43362261	+
chr1	43362985	+
chr1	43591277	+
chr1	43979323	+
chr1	51236583	+
chr1	51784560	+
chr1	52357586	-
chr1	55063887	+
chr1	62319180	-
chr1	63629458	+
chr1	64869333	-
chr1	67704849	-
chr1	68232435	-
chr1	85581448	+
chr1	92841919	+
chr1	94480466	+
chr1	104153269	-
chr1	109737082	-
chr1	109984849	+
chr1	111443904	-
chr1	111448684	-
chr1	112701502	-
chr1	114536160	+
chr1	114704711	-
chr1	119744191	+
chr1	120155205	-
chr1	150622751	-
chr1	150624072	-
chr1	151184443	-
chr1	151369766	-
chr1	153959701	-
chr1	153982803	-
chr1	154602034	-
chr1	154963697	-
chr1	154992721	+
chr1	155015026	+
chr1	155057682	+
chr1	155057683	+
chr1	155058310	+
chr1	155062509	+
chr1	155134021	+
chr1	155140148	-
chr1	156054896	+
chr1	156114877	+
chr1	156139475	+
chr1	156266556	-
chr1	156742111	-
chr1	156743366	-
chr1	157170073	+
chr1	158176208	-
chr1	160215296	+
chr1	160222726	-
chr1	160239910	-
chr1	160335299	-
chr1	166848954	+
chr1	167553726	-
chr1	167765616	+
chr1	168063643	+
chr1	168063651	+
chr1	171784233	+
chr1	171787785	+
chr1	179074372	+
chr1	180196532	+
chr1	182852314	+
chr1	182887272	+
chr1	183117396	+
chr1	193021126	-
chr1	201465817	-
chr1	201484271	-
chr1	201876399	+
chr1	201876402	+
chr1	202003410	+
chr1	202135736	-
chr1	202918212	-
chr1	202951134	-
chr1	204409534	-
chr1	205715800	-
chr1	205717557	-
chr1	205750158	-
chr1	205768837	-
chr1	206733197	+
chr1	212433076	+
chr1	212445953	+
chr1	212791655	-
chr1	214314829	+
chr1	215573806	+
chr1	224393978	-
chr1	224404520	-
chr1	225428014	-
chr1	225511852	-
chr1	225920271	-
chr1	227734802	-
chr1	228141155	+
chr1	229659181	+
chr1	230236033	+
chr1	230281201	+
chr1	230690083	+
chr1	234606698	-
chr1	235111807	-
chr1	241504123	-
chr1	244451872	-
chr2	3575292	+
chr2	4821842	+
chr2	11824813	+
chr2	15593145	+
chr2	20037391	-
chr2	20283354	-
chr2	20290708	-
chr2	20448387	+
chr2	24799706	+
chr2	26191234	-
chr2	27131446	-
chr2	27368035	-
chr2	27409491	-
chr2	27663987	+
chr2	27664560	+
chr2	27677899	+
chr2	28783915	+
chr2	32192920	+
chr2	36544453	+
chr2	42048379	+
chr2	46297793	+
chr2	46904392	-
chr2	53970641	-
chr2	54637736	+
chr2	54658028	+
chr2	54658038	+
chr2	55249492	-
chr2	68175540	+
chr2	68178908	-
chr2	70087638	+
chr2	70993758	-
chr2	71423138	+
chr2	71426532	+
chr2	84836479	-
chr2	84836826	-
chr2	86505824	-
chr2	96295536	-
chr2	99188235	+
chr2	99361202	+
chr2	100566511	+
chr2	128187486	+
chr2	135755656	+
chr2	135783522	+
chr2	149587688	-
chr2	169636885	+
chr2	170966155	+
chr2	174123653	-
chr2	177231578	-
chr2	182925775	-
chr2	186640937	+
chr2	208243492	-
chr2	216113060	+
chr2	219219594	-
chr2	219539225	-
chr2	219570377	-
chr2	222642876	-
chr2	231061305	+
chr2	232459158	+
chr2	232459695	+
chr2	232522104	+
chr2	232523176	+
chr2	232523961	+
chr2	232525598	+
chr2	235053605	+
chr2	241229433	-
chr3	3129173	+
chr3	9477953	+
chr3	9690053	+
chr3	10279515	+
chr3	11558343	-
chr3	11559370	-
chr3	12836048	-
chr3	13353949	-
chr3	15332525	-
chr3	15670514	-
chr3	19983780	+
chr3	31636169	+
chr3	31684029	-
chr3	32167440	+
chr3	32997312	-
chr3	33114370	+
chr3	39391605	+
chr3	39408706	+
chr3	46999354	+
chr3	47435050	-
chr3	47495843	-
chr3	47825108	+
chr3	47840977	+
chr3	47846241	+
chr3	47916859	-
chr3	48433136	-
chr3	48469453	-
chr3	48572673	-
chr3	48573691	-
chr3	48586416	-
chr3	48591778	-
chr3	48604272	-
chr3	48688514	-
chr3	48747038	-
chr3	48918937	+
chr3	49004980	+
chr3	49011978	+
chr3	49681197	+
chr3	49681764	+
chr3	49682361	+
chr3	50270438	+
chr3	50275596	+
chr3	50287743	-
chr3	50648682	+
chr3	51392135	+
chr3	51392952	+
chr3	51968758	-
chr3	52202689	+
chr3	52228885	-
chr3	52533555	-
chr3	52533655	-
chr3	56627072	-
chr3	57575612	-
chr3	67609582	-
chr3	72928854	+
chr3	87240735	+
chr3	88055907	-
chr3	96617203	-
chr3	100748233	+
chr3	111913480	+
chr3	119226821	-
chr3	124763603	-
chr3	124773781	-
chr3	124887114	-
chr3	125055782	-
chr3	127022189	+
chr3	127573746	-
chr3	128726260	+
chr3	129169641	-
chr3	130894740	+
chr3	133573922	+
chr3	134485519	-
chr3	139354188	-
chr3	154280859	-
chr3	155936400	+
chr3	156555020	-
chr3	161250906	+
chr3	167684232	-
chr3	172759034	+
chr3	172762939	+
chr3	175718649	-
chr3	184299313	+
chr3	184303425	+
chr3	184306113	+
chr3	184314651	+
chr3	184317335	+
chr3	184317763	+
chr3	186597084	+
chr3	186790329	-
chr3	196734544	+
chr3	196942756	+
chr3	196942757	+
chr4	733688	+
chr4	1012481	+
chr4	1024935	+
chr4	1172546	-
chr4	1339717	+
chr4	1814043	-
chr4	1816864	-
chr4	1823693	-
chr4	1939695	+
chr4	2042462	+
chr4	2899301	+
chr4	2953586	-
chr4	4274540	-
chr4	6996356	+
chr4	7872039	-
chr4	17577531	+
chr4	17607902	+
chr4	17623750	+
chr4	25788258	-
chr4	39125574	+
chr4	39300280	-
chr4	39778725	+
chr4	39976564	-
chr4	41681010	+
chr4	56460911	+
chr4	57033261	-
chr4	57110105	-
chr4	75658859	-
chr4	75969365	-
chr4	76213774	-
chr4	77036231	+
chr4	78926531	-
chr4	83459759	+
chr4	88521511	-
chr4	98417374	+
chr4	105438035	-
chr4	110251966	-
chr4	121696873	-
chr4	151705209	-
chr4	185210126	+
chr4	185210172	+
chr5	453554	+
chr5	1523767	-
chr5	1523781	-
chr5	1523861	-
chr5	5462391	+
chr5	10250404	+
chr5	10426451	+
chr5	14507233	+
chr5	14710326	-
chr5	16673692	-
chr5	17276750	+
chr5	32390286	-
chr5	34929745	+
chr5	34929780	+
chr5	34941145	+
chr5	36168432	+
chr5	36183885	+
chr5	36677155	+
chr5	37605215	+
chr5	40716405	-
chr5	43496274	-
chr5	43556602	-
chr5	44819986	+
chr5	55388039	+
chr5	71649220	+
chr5	71657733	+
chr5	74685443	+
chr5	77030780	+
chr5	82276066	-
chr5	95522221	-
chr5	95794873	+
chr5	95898563	-
chr5	96729179	+
chr5	97167980	-
chr5	98885582	-
chr5	102901409	+
chr5	116087547	+
chr5	119499471	+
chr5	129105245	+
chr5	133971918	-
chr5	134197662	-
chr5	134402393	-
chr5	134583047	+
chr5	134632739	-
chr5	135027985	-
chr5	137753822	-
chr5	138555706	-
chr5	140245666	-
chr5	140676808	-
chr5	140677060	-
chr5	140706202	+
chr5	141629691	-
chr5	141629725	-
chr5	141978743	+
chr5	142137830	+
chr5	150115462	-
chr5	150374651	+
chr5	150374703	+
chr5	150399821	+
chr5	150549705	+
chr5	150549707	+
chr5	150691579	-
chr5	151746359	-
chr5	154053312	+
chr5	154794113	+
chr5	160427856	+
chr5	163442512	+
chr5	169583856	+
chr5	171910755	-
chr5	172897012	+
chr5	173164216	+
chr5	173325999	-
chr5	176389544	+
chr5	177097802	+
chr5	177436170	+
chr5	177454862	+
chr5	177455946	+
chr5	177455971	+
chr5	177458594	-
chr5	177466795	-
chr5	177595649	+
chr6	1395086	+
chr6	2770124	+
chr6	2948160	-
chr6	2953177	-
chr6	7582966	+
chr6	7882257	-
chr6	13977490	+
chr6	13978895	+
chr6	17794275	-
chr6	17796801	-
chr6	24403217	+
chr6	24706217	-
chr6	24719396	-
chr6	26597106	+
chr6	36490759	+
chr6	37376965	+
chr6	39958522	-
chr6	43006592	+
chr6	43029571	+
chr6	43055925	-
chr6	43225784	-
chr6	43778891	+
chr6	43784742	+
chr6	53268155	-
chr6	53269011	-
chr6	87085631	-
chr6	99414585	-
chr6	107911390	-
chr6	108074609	-
chr6	109382250	-
chr6	116571559	+
chr6	122444034	-
chr6	126021180	+
chr6	139042812	+
chr6	139373213	-
chr6	149811059	+
chr6	150865792	+
chr6	158637893	-
chr6	158769815	-
chr6	159681454	-
chr6	159776243	+
chr7	518993	-
chr7	727063	+
chr7	780080	+
chr7	997377	-
chr7	997379	-
chr7	1479582	-
chr7	1495524	-
chr7	1497191	-
chr7	1542492	+
chr7	1569230	-
chr7	1569754	-
chr7	2263324	-
chr7	2663737	+
chr7	2663832	+
chr7	5359543	-
chr7	5371056	-
chr7	5606357	+
chr7	10990768	+
chr7	27649504	-
chr7	27649606	-
chr7	32957625	+
chr7	40134416	-
chr7	43647623	-
chr7	48106881	+
chr7	66948615	+
chr7	73442825	-
chr7	73698021	+
chr7	74657877	+
chr7	75073532	-
chr7	75986711	+
chr7	87907321	+
chr7	92113054	-
chr7	94668890	+
chr7	99396673	-
chr7	99458249	-
chr7	99458275	-
chr7	100678837	+
chr7	100805169	-
chr7	100822554	-
chr7	100888272	+
chr7	101131906	+
chr7	101206390	-
chr7	101212316	-
chr7	101239866	-
chr7	105532856	+
chr7	107919941	+
chr7	116250447	+
chr7	116798105	+
chr7	123557446	-
chr7	127686640	+
chr7	128401033	-
chr7	128990044	-
chr7	129000479	-
chr7	131502688	-
chr7	134928842	+
chr7	141006507	-
chr7	150372268	+
chr7	150373636	+
chr7	151078989	-
chr7	151080395	-
chr7	155302297	+
chr7	157248442	+
chr7	157253983	+
chr8	17234854	-
chr8	17957668	+
chr8	21985640	+
chr8	22420876	+
chr8	25342459	+
chr8	25410102	+
chr8	25410108	+
chr8	26371120	+
chr8	27598128	-
chr8	27672039	+
chr8	38253003	+
chr8	41618761	+
chr8	47854147	-
chr8	47902767	-
chr8	73976471	+
chr8	86560459	+
chr8	96609739	+
chr8	100721470	-
chr8	100953330	-
chr8	103432699	+
chr8	103435776	+
chr8	116847387	-
chr8	123255165	-
chr8	123289825	+
chr8	127736218	+
chr8	143576158	-
chr8	143916345	-
chr8	144085742	+
chr8	144262183	-
chr8	144264596	-
chr9	2876068	-
chr9	4782084	-
chr9	33110861	-
chr9	35075683	-
chr9	35698331	-
chr9	36572974	+
chr9	38396800	+
chr9	72365073	-
chr9	86945726	-
chr9	86946962	-
chr9	92642806	-
chr9	93111926	+
chr9	93515681	+
chr9	93532193	+
chr9	93564422	+
chr9	96645968	-
chr9	97656034	+
chr9	98080889	+
chr9	98087447	-
chr9	100450849	+
chr9	107330449	+
chr9	108983295	-
chr9	111599633	-
chr9	112471541	+
chr9	113258700	+
chr9	120826790	-
chr9	121519433	-
chr9	124258066	+
chr9	124857879	-
chr9	124928191	-
chr9	125189756	-
chr9	125203012	+
chr9	127473865	+
chr9	127506470	-
chr9	127506472	-
chr9	127658410	+
chr9	127872786	-
chr9	128256448	-
chr9	128260788	-
chr9	128276374	+
chr9	128276388	+
chr9	128390369	+
chr9	128577392	+
chr9	128632274	+
chr9	128689350	+
chr9	128689500	+
chr9	128689524	+
chr9	128705503	+
chr9	128907222	+
chr9	129148138	+
chr9	129148404	+
chr9	129148627	+
chr9	130501218	+
chr9	130903681	-
chr9	131117765	+
chr9	131436660	+
chr9	131476226	+
chr9	131491524	+
chr9	131491539	+
chr9	132079647	-
chr9	134157996	+
chr9	134159457	+
chr9	134438896	+
chr9	134730445	+
chr9	134738798	+
chr9	134750815	+
chr9	134796416	+
chr9	134805018	+
chr9	134809222	+
chr9	134814017	+
chr9	136013209	-
chr9	136116359	-
chr9	136211431	-
chr9	136363099	-
chr9	136410239	-
chr9	136673464	-
chr9	136862174	-
chr9	136909982	+
chr9	136942220	-
chr9	137045915	-
chr9	137070132	-
chr9	137070436	-
chr9	137109012	+
chr9	137113903	-
chr9	137272558	+
chr9	137273031	+
chr9	137449014	-
chr9	137582501	-
chr9	137590313	-
chr9	137790888	+
chr10	12195793	-
chr10	12235093	+
chr10	12237150	+
chr10	13348126	-
chr10	16754949	-
chr10	27111895	-
chr10	27741353	-
chr10	32056117	-
chr10	32056331	-
chr10	42823211	+
chr10	50125130	+
chr10	56358929	-
chr10	58287900	+
chr10	60785774	+
chr10	70146392	-
chr10	70146440	-
chr10	74094342	+
chr10	87094650	-
chr10	87746864	+
chr10	93325903	-
chr10	93364039	-
chr10	95237902	-
chr10	97451693	+
chr10	97466892	-
chr10	97498275	-
chr10	97677426	-
chr10	97687133	-
chr10	100364291	+
chr10	102424711	-
chr10	102479412	-
chr10	102480956	-
chr10	102482010	-
chr10	102483030	-
chr10	110583498	+
chr10	119038254	-
chr10	119849498	-
chr10	121975105	-
chr10	122462108	+
chr10	128103472	-
chr10	128104221	-
chr10	133373342	-
chr11	209440	+
chr11	250857	+
chr11	764334	+
chr11	838642	+
chr11	902995	-
chr11	1753087	-
chr11	1753152	-
chr11	1753180	-
chr11	1753293	-
chr11	1763851	-
chr11	6612129	-
chr11	9446377	+
chr11	11948039	+
chr11	11956071	+
chr11	12674654	+
chr11	13727655	+
chr11	18106014	-
chr11	34197506	-
chr11	35663089	+
chr11	47177675	-
chr11	47418775	-
chr11	47475353	-
chr11	60920967	+
chr11	60934683	+
chr11	61337943	+
chr11	62598558	-
chr11	62631070	-
chr11	62639438	-
chr11	62835730	-
chr11	63758891	+
chr11	64307259	+
chr11	64317467	-
chr11	64321810	+
chr11	64808044	-
chr11	65108646	+
chr11	65108754	+
chr11	65547472	-
chr11	65571435	+
chr11	65573483	+
chr11	65891086	+
chr11	65891236	+
chr11	65891274	+
chr11	66277155	+
chr11	66340795	-
chr11	66347106	-
chr11	66438734	-
chr11	66639971	+
chr11	67434601	+
chr11	67434620	+
chr11	67438281	-
chr11	67490923	+
chr11	67502028	-
chr11	68018540	+
chr11	68021678	+
chr11	68685628	+
chr11	68688920	+
chr11	72195380	+
chr11	72224888	+
chr11	72224889	+
chr11	72229969	+
chr11	76380771	-
chr11	78069958	-
chr11	83273808	-
chr11	85664342	-
chr11	95831421	+
chr11	95834634	-
chr11	95923886	-
chr11	102162508	+
chr11	102186026	+
chr11	102231431	+
chr11	117168823	+
chr11	118748263	-
chr11	119089733	+
chr11	119094759	-
chr11	119309811	-
chr11	125580158	+
chr11	125655242	+
chr11	130123679	+
chr11	134224721	+
chr11	134225023	+
chr12	6388416	+
chr12	6509706	+
chr12	6748225	-
chr12	6748442	-
chr12	6849674	-
chr12	6863196	+
chr12	10222469	+
chr12	14789056	-
chr12	15959863	+
chr12	16347658	+
chr12	16347673	+
chr12	22625397	+
chr12	24816750	-
chr12	25225663	-
chr12	39442996	-
chr12	45926827	-
chr12	48137807	+
chr12	48141353	+
chr12	48839896	-
chr12	48937229	-
chr12	48938845	-
chr12	49331245	+
chr12	49741589	+
chr12	50086320	+
chr12	50100121	+
chr12	51095140	-
chr12	52233450	+
chr12	52233457	+
chr12	52241594	+
chr12	53214138	-
chr12	53459345	+
chr12	53467230	+
chr12	53502040	+
chr12	54236614	-
chr12	54239098	-
chr12	54252216	-
chr12	55821571	-
chr12	55972206	+
chr12	56113197	+
chr12	56272147	-
chr12	56272747	-
chr12	56418250	-
chr12	56645912	-
chr12	56712428	-
chr12	56725288	-
chr12	57232794	+
chr12	57233580	+
chr12	57233581	+
chr12	57234242	+
chr12	82353294	-
chr12	82358270	-
chr12	89753313	+
chr12	92144117	-
chr12	93487551	+
chr12	100335850	+
chr12	103932863	+
chr12	110450296	-
chr12	112508600	+
chr12	120137251	-
chr12	120137749	-
chr12	120282241	+
chr12	120575650	+
chr12	120581131	-
chr12	121793595	-
chr12	124012688	+
chr13	19772484	-
chr13	21045857	-
chr13	22696640	-
chr13	25341323	+
chr13	26214382	-
chr13	27424747	+
chr13	31147997	-
chr13	47988641	-
chr13	49661125	-
chr13	78908984	+
chr13	99340378	+
chr13	99340451	+
chr13	106567696	-
chr13	109267614	+
chr13	110424976	+
chr13	110485688	+
chr13	110512185	+
chr13	113264156	+
chr13	113584829	+
chr13	113623181	+
chr13	113623190	+
chr14	21213023	-
chr14	21361172	-
chr14	21363497	-
chr14	21511176	-
chr14	22877009	+
chr14	22946574	-
chr14	23097983	+
chr14	23321724	+
chr14	24440882	-
chr14	31133538	-
chr14	35000991	+
chr14	35046610	+
chr14	35078938	+
chr14	49893633	+
chr14	52707219	+
chr14	52721122	+
chr14	54432118	-
chr14	54474571	-
chr14	54475163	-
chr14	55138061	+
chr14	74903122	+
chr14	74903584	+
chr14	90404902	+
chr14	90407681	+
chr14	92704342	-
chr14	100277541	+
chr14	103560172	-
chr14	103697901	-
chr14	104704230	+
chr14	105250253	+
chr14	105488359	+
chr15	34225123	+
chr15	40170565	+
chr15	40650562	+
chr15	45065317	+
chr15	51910586	+
chr15	51966107	-
chr15	52046735	+
chr15	57706774	+
chr15	58892916	-
chr15	59272387	-
chr15	63153856	-
chr15	73570151	-
chr15	74955938	-
chr15	77046030	-
chr15	77070971	-
chr15	84687632	-
chr15	89318947	-
chr15	89328533	-
chr15	90763135	+
chr15	90882145	+
chr15	90954091	+
chr15	90954092	+
chr15	98934920	+
chr15	98957247	+
chr16	287605	-
chr16	636195	-
chr16	642228	+
chr16	672129	+
chr16	681472	+
chr16	764682	+
chr16	765247	+
chr16	766789	+
chr16	787456	-
chr16	1827601	+
chr16	2176307	+
chr16	2949622	+
chr16	3284090	+
chr16	11242960	+
chr16	11868359	-
chr16	12881168	+
chr16	20737054	-
chr16	23668739	+
chr16	28211785	-
chr16	28842788	-
chr16	29694761	+
chr16	29806635	+
chr16	29807125	+
chr16	29819792	+
chr16	29859072	-
chr16	30358084	-
chr16	31186802	+
chr16	31496907	-
chr16	46617713	-
chr16	46697635	+
chr16	46956635	-
chr16	47143619	-
chr16	47641037	+
chr16	47689056	+
chr16	48252167	+
chr16	48352517	+
chr16	50070214	+
chr16	50319104	-
chr16	56431152	-
chr16	56475508	+
chr16	57113388	+
chr16	57153982	-
chr16	57252527	+
chr16	57428783	-
chr16	57471774	+
chr16	58021421	+
chr16	58707671	-
chr16	67174842	+
chr16	67193052	+
chr16	67843681	+
chr16	67876017	+
chr16	67878607	+
chr16	67881693	+
chr16	69299591	+
chr16	69311469	+
chr16	69463064	+
chr16	70251415	-
chr16	70686020	-
chr16	70687697	-
chr16	71756043	-
chr16	71928766	+
chr16	72111069	+
chr16	74492971	-
chr16	84995972	-
chr16	85011359	-
chr16	87831944	-
chr16	88570477	+
chr16	88577161	+
chr16	88655363	-
chr16	88715671	-
chr16	88717068	-
chr16	88741592	-
chr16	88810479	-
chr16	88841022	-
chr16	89288185	-
chr16	89556897	+
chr16	89955236	+
chr17	1875722	+
chr17	2322677	-
chr17	2323684	-
chr17	2417086	-
chr17	2694038	-
chr17	2701669	-
chr17	4539625	-
chr17	5387825	-
chr17	7229007	-
chr17	8445756	+
chr17	9889422	+
chr17	12992796	-
chr17	12996607	-
chr17	16442016	+
chr17	17042794	+
chr17	17812772	-
chr17	19677099	+
chr17	21284802	+
chr17	27313064	+
chr17	28319256	+
chr17	28326885	+
chr17	28553440	-
chr17	28554141	-
chr17	28633052	-
chr17	28749068	+
chr17	28856351	+
chr17	29262835	-
chr17	37624365	-
chr17	38921133	+
chr17	39980912	+
chr17	40026209	-
chr17	40631680	-
chr17	41806865	-
chr17	41811140	-
chr17	41818123	+
chr17	41821766	+
chr17	41989446	-
chr17	42833536	+
chr17	42833546	+
chr17	43018191	-
chr17	44207217	-
chr17	44210146	-
chr17	44321076	-
chr17	44323529	-
chr17	44323543	-
chr17	45112027	-
chr17	45121052	-
chr17	45121114	-
chr17	45230622	+
chr17	46932137	+
chr17	47683120	+
chr17	48895660	+
chr17	49827676	+
chr17	50368049	-
chr17	50551110	+
chr17	51166485	+
chr17	57105987	+
chr17	58003879	-
chr17	58004876	-
chr17	58004916	-
chr17	59952896	-
chr17	62423974	+
chr17	62689598	+
chr17	62689599	+
chr17	62692647	+
chr17	63432522	-
chr17	63436100	-
chr17	63590187	+
chr17	66302749	+
chr17	66302750	+
chr17	67340920	-
chr17	74203926	+
chr17	75318971	-
chr17	75706731	+
chr17	75827817	-
chr17	75874582	-
chr17	75876312	-
chr17	76039371	-
chr17	76088111	-
chr17	77212126	+
chr17	77498841	+
chr17	78172687	+
chr17	78174393	-
chr17	78224554	+
chr17	78674804	-
chr17	78925290	-
chr17	78925291	-
chr17	78925304	-
chr17	78971514	-
chr17	79796267	-
chr17	79834308	-
chr17	80965341	+
chr17	81696451	+
chr17	81707280	+
chr17	81905707	-
chr17	81907775	-
chr17	81922770	-
chr17	82019194	-
chr17	82055800	+
chr17	82089690	-
chr17	82237888	+
chr17	82627217	-
chr17	82735541	+
chr18	743334	-
chr18	9533403	+
chr18	9535731	+
chr18	9862243	+
chr18	12344246	-
chr18	12356764	-
chr18	36220174	+
chr18	46122522	+
chr18	49492393	-
chr19	617575	-
chr19	621483	-
chr19	621517	-
chr19	680333	+
chr19	1038646	+
chr19	1091818	-
chr19	1244822	+
chr19	1584658	-
chr19	1981044	+
chr19	2015365	-
chr19	2040175	-
chr19	2271920	+
chr19	2430251	-
chr19	2813265	+
chr19	3062234	-
chr19	3094682	+
chr19	3573235	+
chr19	4033498	+
chr19	4090572	-
chr19	4090630	-
chr19	4361259	-
chr19	4453968	-
chr19	4472386	+
chr19	4657755	-
chr19	4670280	-
chr19	4859845	-
chr19	5678458	-
chr19	5678593	-
chr19	5690245	+
chr19	5690459	+
chr19	5711944	-
chr19	5787660	-
chr19	6374295	+
chr19	6379798	-
chr19	6379852	-
chr19	6415851	-
chr19	6535086	+
chr19	8302871	-
chr19	8468785	+
chr19	8486273	+
chr19	9849168	+
chr19	10110197	+
chr19	10137895	-
chr19	10316773	-
chr19	10393140	-
chr19	10575003	-
chr19	10575008	-
chr19	10835309	-
chr19	10912209	+
chr19	11062164	+
chr19	11507825	-
chr19	12796969	-
chr19	12881368	-
chr19	12928419	-
chr19	12944317	+
chr19	13104913	-
chr19	13109431	-
chr19	13138965	+
chr19	14388727	+
chr19	14391076	+
chr19	14566163	-
chr19	15115608	-
chr19	15429589	-
chr19	16191092	+
chr19	16518664	-
chr19	17235954	-
chr19	17235961	-
chr19	17236011	-
chr19	17320161	+
chr19	17338018	+
chr19	17581639	+
chr19	17943984	+
chr19	18169681	+
chr19	18169791	+
chr19	18434304	+
chr19	18538229	-
chr19	18541924	-
chr19	18596925	-
chr19	18598463	-
chr19	19051795	+
chr19	19057479	+
chr19	19197600	+
chr19	19198172	+
chr19	19198175	+
chr19	19202855	-
chr19	19651723	-
chr19	33478087	-
chr19	35545702	+
chr19	35658678	+
chr19	38309504	-
chr19	38309614	-
chr19	39370056	+
chr19	40233078	-
chr19	40800625	+
chr19	40800637	+
chr19	40801151	+
chr19	42250476	-
chr19	45884711	-
chr19	47490808	-
chr19	47750214	+
chr19	47755410	+
chr19	48453632	+
chr19	48900812	+
chr19	48955694	+
chr19	48955729	+
chr19	48968699	-
chr19	49010592	+
chr19	49555743	-
chr19	49673727	+
chr19	49805569	+
chr19	49857963	+
chr19	49860042	+
chr19	49860637	+
chr19	50506516	-
chr19	52216582	+
chr19	55117289	-
chr19	55117386	-
chr19	55241491	-
chr19	55242197	-
chr19	55453234	-
chr19	55674537	+
chr19	56103184	-
chr19	58262346	+
chr19	58549490	+
chr19	58549491	+
chr20	349287	+
chr20	354109	+
chr20	647689	-
chr20	648678	-
chr20	2463094	-
chr20	2660060	-
chr20	3753589	-
chr20	3784064	-
chr20	3796544	+
chr20	4700696	+
chr20	6015416	+
chr20	16732301	+
chr20	31569349	+
chr20	32333659	+
chr20	32435135	+
chr20	33385679	-
chr20	33659730	-
chr20	34080259	+
chr20	34424522	+
chr20	35279162	-
chr20	35303012	-
chr20	35394130	-
chr20	35742191	-
chr20	35931313	+
chr20	36240394	+
chr20	36256215	+
chr20	41174172	+
chr20	43667204	+
chr20	43699813	+
chr20	45327371	-
chr20	45327375	-
chr20	45898817	+
chr20	46358527	-
chr20	49096258	+
chr20	49228728	+
chr20	50191195	+
chr20	50191642	+
chr20	50902038	-
chr20	50930921	-
chr20	51598248	-
chr20	56631636	+
chr20	56633369	+
chr20	57709631	-
chr20	58693791	+
chr20	58707198	+
chr20	58715314	+
chr20	58891837	+
chr20	59007017	-
chr20	59206924	+
chr20	62134931	+
chr20	62174588	+
chr20	62303047	+
chr20	62812527	+
chr20	62813612	+
chr20	62907322	-
chr20	63216036	-
chr20	63289615	+
chr20	63521323	+
chr20	63688602	+
chr20	63895167	+
chr20	63931491	+
chr20	63932329	+
chr20	63941194	-
chr21	32612163	-
chr21	33588543	-
chr21	37195770	+
chr21	38822916	+
chr21	42876732	-
chr21	42908879	+
chr21	43760766	+
chr21	44977491	+
chr22	17159130	-
chr22	19175582	-
chr22	19392119	-
chr22	19766789	+
chr22	20314782	-
chr22	20933884	+
chr22	21000275	-
chr22	24164531	+
chr22	30428464	+
chr22	31105080	-
chr22	32491098	+
chr22	36292127	-
chr22	36293344	-
chr22	36305985	-
chr22	37659244	+
chr22	37877711	+
chr22	38991622	+
chr22	40792567	-
chr22	41064267	+
chr22	41600521	-
chr22	41620865	-
chr22	41674903	-
chr22	41906161	+
chr22	42636786	-
chr22	42636801	-
chr22	42870128	-
chr22	43972269	+
chr22	49962804	+
chr22	50343477	+
chr22	50447183	-
chr22	50459632	-
chr22	50465250	-
chr22	50474885	-
chrX	9717635	+
chrX	12822866	+
chrX	24210219	+
chrX	30218607	+
chrX	38804837	+
chrX	40597312	+
chrX	41350025	+
chrX	44741320	+
chrX	47179338	+
chrX	47566901	+
chrX	47569638	+
chrX	53193568	-
chrX	53422610	-
chrX	53431843	-
chrX	53533366	-
chrX	53543924	-
chrX	56564031	+
chrX	70134578	+
chrX	70286952	-
chrX	70288158	-
chrX	70420323	+
chrX	72272604	-
chrX	103587028	+
chrX	104189649	+
chrX	115645065	+
chrX	119834936	-
chrX	120469185	-
chrX	120469205	-
chrX	130145532	-
chrX	136873342	-
chrX	149598077	-
chrX	153456615	-
chrX	153695898	+
chrX	153700859	-
chrX	154368020	-
chrX	154381320	+
chrX	154449900	+
chrX	154477834	-
chrX	154477859	-
chrX	154546092	-
chrM	2673	-
chrM	3279	+
chrM	3526	-
chrM	4089	+
chrM	10937	+
chrM	11302	+
chrM	12239	+
chrM	12240	+
chrM	12241	+
chrM	12934	+
chrM	13042	-
chrM	13048	-
chrM	13051	-
chrM	13559	+
chrM	13561	+
chrM	13639	+
chrM	13654	+
chrM	14275	+
chrM	16042	-
ML143376.1	302184	-
MU273333.1	1448330	-
chr1	151343370	-
chr17	4960839	-
chr17	59651246	+
chr1	2391915	+
chr14	102049560	+
chr1	1014332	+
chr11	68121059	-
chr5	31554701	+
chr22	44331763	-
chr11	4092692	+
chr12	105370840	+
chr16	85656639	+
chr11	66276687	+
chr7	102277981	+
chr5	140567927	+
chr11	120228887	+
chr19	18599762	-
chr2	219571017	-
chr3	25664637	-
chr16	85534	+
chr3	124796698	-
chr10	35207032	+
chr17	80393622	+
chr12	29343263	-
chr1	211579054	-
chr7	10974236	+
chr20	64026055	+
chr16	30893993	-
chr11	47426340	-
chr14	100529980	+
chr2	70212709	-
chr1	1342389	-
chr19	44865275	+
chr22	19233469	-
chr21	34073693	+
chr1	234430277	-
chr17	40019285	-
chr3	168032564	-
chr17	40443867	+
chr20	33677248	-
chr3	51394365	+
chr9	133108754	-
chr8	144107093	+
chr3	49116738	-
chr16	2456714	+
chr17	63808912	+
chr13	32770506	+
chr17	2692825	-
chr8	56993313	-
chrX	9719253	+
chr19	49663409	-
chr20	34089180	-
chr21	43759481	+
chr6	4892307	+
chr5	133106231	+
chr3	48593593	-
chr4	139703527	+
chr10	119577652	-
chrX	53225100	-
chr6	7585115	+
chr1	1386931	-
chr20	38012441	-
chr19	7554265	+
chr12	46360221	-
chr12	132726279	-
chr2	30156764	+
chr8	37755151	+
chr2	69246032	+
chr1	1309142	+
chr1	64966350	-
chrX	53378514	-
chr7	102425128	+
chr19	4433267	+
chr3	15052033	-
chr2	85648867	+
chr7	100604004	+
chr2	152647824	+
chr3	184327903	+
chr11	62692735	-
chr19	50417915	+
chr1	156737711	-
chr14	52857386	-
chr1	1752623	-
chr22	45533089	+
chr19	48919093	+
chr15	40737150	-
chr9	120787854	-
chr19	49464685	+
chr15	65578073	+
chr17	45112391	-
chr9	136383253	-
chr16	67843162	+
chr5	139648763	+
chr1	162500005	+
chr1	248850173	-
chr7	1499103	-
chr15	90984059	-
chr12	124354908	-
chr1	6224796	-
chr2	86031351	-
chr22	37024671	+
chr1	29148670	-
chr16	23562635	+
chr3	49111571	-
chr7	38743516	-
chr3	161234850	+
chr1	223712575	+
chr10	252968	+
chr2	10577682	-
chr19	39491080	+
chr18	55261497	-
chr4	8240770	+
chr2	96832830	+
chr1	70228511	+
chr11	6600524	-
chr18	49492380	-
chr9	128577359	+
chr8	47890375	-
chr9	129006612	+
chr22	24548004	-
chr9	33301312	+
chr13	110174661	-
chr12	76559476	-
chr4	75787102	+
chr9	72364807	-
chr3	33014122	-
chr5	177609797	+
chr14	90766787	+
chr5	140705974	+
chr1	32197375	+
chr21	44940149	+
chr11	28091501	-
chr17	59088394	-
chr19	4429581	+
chr1	227748088	+
chr7	151034553	+
chr3	12570210	+
chr17	75522184	+
chr6	43048369	-
chr21	44311065	+
chr19	16541944	-
chr2	179986696	-
chr5	32774762	+
chr17	76726374	-
chr19	49653358	+
chr22	50281440	-
chr5	115625881	-
chr17	18930635	+
chr8	38946185	+
chr12	55971796	+
chr19	42249091	-
chr3	49676949	+
chr1	185143413	-
chr1	225410388	-
chr16	67280932	+
chr20	16737399	+
chr19	49873056	-
chr7	158732935	-
chr20	44724782	+
chr11	85656331	+
chrM	13800	+
chr19	55694823	+
chr11	12940395	+
chr22	43162947	+
chr14	36314599	-
chr10	133402226	+
chr14	67685017	-
chr12	47795278	-
chr12	55902238	-
chr3	124969743	-
chr1	40073712	-
chr8	124451201	+
chr20	37518380	-
chr1	38838333	-
chrX	21869549	+
chr12	30637135	-
chrX	44523957	-
chr10	116885840	-
chr17	59731435	+
chr2	32811105	+
chr7	24679283	+
chr14	55158553	-
chr12	67269520	+
chr6	17836944	-
chr11	69654119	+
chr19	11033457	+
chr1	161158543	+
chr9	4793154	+
chr3	121488741	-
chr5	55164653	+
chr5	453873	+
chr20	62318901	-
chr21	46286072	-
chr10	92474892	-
chr7	100881346	+
chr12	52191845	-
chrX	48574537	+
chr7	151074485	+
chr5	5460992	+
chr15	98939243	+
chr6	7881215	+
chr5	172082425	-
chr8	143921483	-
chr19	4488704	+
chr16	57529236	-
chr6	7582742	+
chr5	98774097	+
chr16	67658056	-
chr14	22974113	-
chr3	119863594	-
chr21	44850061	-
chrX	153871106	-
chr17	7906618	+
chr20	18524634	+
chr19	40233245	-
chr17	48059525	+
chr2	20253942	-
chr4	182890799	-
chr3	23920673	+
chr2	127292757	-
chr20	62310030	-
chr19	16862513	+
chr7	150337248	+
chr9	129503592	+
chr6	7579390	+
chr9	134820133	+
chr15	66352177	-
chr11	64234630	+
chr8	21982676	+
chr5	138163297	-
chr3	15573202	-
chr14	99522213	-
chr17	42543560	+
chr10	69208850	+
chr14	34783228	-
chr3	48564792	-
chr4	850957	-
chr1	109336262	-
chr4	2884533	+
chr3	48435090	-
chr1	180190571	+
chr20	35669413	-
chr5	150555836	+
chr17	35725433	+
chr11	6618908	-
chr9	110168470	+
chr3	129305165	+
chr7	94666872	+
chr1	214642715	+
chr6	160048428	+
chr1	19156856	-
chr14	92748543	-
chr17	21002702	-
chr12	105366675	+
chr17	28632135	-
chr1	227759328	+
chr22	41256030	-
chr22	50522696	+
chr9	35100639	-
chr1	224158652	+
chr3	4813145	+
chr3	38165712	+
chr17	28345156	+
chr16	88809172	+
chr2	84836134	-
chr9	125323811	+
chr7	1473134	-
chr3	48773022	-
chr7	103322054	-
chr16	27471843	-
chr9	122826780	-
chr3	14143312	+
chr11	14358990	-
chr11	12527933	+
chr2	99390585	+
chr9	4719239	-
chr12	54286970	+
chr1	109336283	-
chr1	214637899	+
chr15	92147067	+
chr17	9890796	+
chr17	81596163	-
chr3	50302461	-
chr14	102507560	-
chr5	177458621	-
chr12	110343379	+
chr7	849974	+
chr17	80469336	-
chrX	77875498	-
chr15	44413704	+
chr19	10316983	-
chr9	121327480	+
chr9	35698848	-
chr11	61965115	-
chr19	6381750	-
chrX	48601878	+
chr16	70688026	-
chr3	127620748	+
chr10	32035576	-
chr16	58580638	-
chrX	77895381	-
chr16	30948369	+
chrX	40735274	-
chr12	106067688	-
chr19	41898553	+
chr11	93479259	-
chr9	131470826	+
chr6	87530831	-
chr1	180492306	-
chr2	230878643	+
chr16	2176359	+
chr19	41306520	+
chr14	54411689	+
chr11	27501812	-
chrX	100822404	+
chr20	49089300	+
chr5	127533680	+
chr5	134566542	+
chr1	108898653	+
chr7	148810395	-
chr5	177593707	+
chr6	43640390	+
chr16	89765038	-
chr17	4540458	-
chr4	7966835	-
chr9	122247557	-
chrX	9716291	+
chr11	66276688	+
chr19	4929389	+
chr19	12792501	+
chr20	47657902	-
chr17	62692371	+
chr1	108903153	+
chr1	227731539	-
chr19	19025505	-
chr15	43191424	+
chr9	129638128	-
chr6	36923618	+
chr19	10916766	+
chr11	60927270	+
chr4	2249618	-
chr6	7414349	+
chr6	24495100	+
chr3	47846825	+
chr12	105330862	+
chr16	88733287	-
chr1	183533767	+
chr1	154601970	-
chr18	670713	+
chr22	29555409	-
chr7	102283095	+
chr1	228406685	-
chr19	40801263	+
chr1	185317156	-
chr19	18196440	+
chr15	51737487	-
chr22	46288554	+
chr18	9914128	+
chr12	51060160	+
chr11	7488397	+
chr16	88784947	-
chr3	53122402	-
chr16	2764759	+
chr17	50199808	-
chr3	48468102	-
chr3	49104400	-
chr16	67636701	+
chr2	86137608	+
chr9	128257029	-
chr17	62677366	+
chr17	47649978	+
chr19	42199292	-
chr9	35704808	-
chr7	100888302	+
chr2	74529415	-
chr22	45977045	-
chr9	35664819	-
chr1	23750886	+
chr1	64841547	-
chr20	648511	-
chr17	59840476	+
chr4	1715990	-
chr14	60153976	-
chr14	30673949	+
chr18	23481335	+
chr19	35745913	+
chr2	151475924	+
chr19	18568621	+
chr20	49114651	-
chr17	75876484	-
chr11	64151330	-
chr12	100220033	+
chr3	49359451	-
chr17	63434453	-
chr18	8069972	+
chr9	26919405	-
chr22	24572333	+
chr11	73272390	+
chr9	88476273	+
chr5	32710661	+
chr20	63700002	-
chr11	124660748	-
chr16	1349527	-
chr19	40741539	-
chr19	5719825	-
chr6	149566511	+
chr14	64933778	+
chr17	42200541	-
chr10	92645495	+
chr16	70252554	-
chr4	3240003	+
chr11	3712705	-
chr17	78223601	+
chr10	75234991	-
chr1	114510558	-
chr4	25234386	+
chr20	45843543	-
chr17	57106696	+
chr14	24440150	-
chr12	110281388	+
chr10	133293190	-
chr2	150469404	-
chr2	42350743	-
chr2	11825658	+
chr17	7911696	+
chr12	6937428	+
chr1	161757014	+
chr6	152975051	-
chr16	74999134	+
chr5	172105671	-
chr19	49659819	-
chr7	1010005	-
chr2	219540400	-
chr16	58581380	-
chr18	22993755	+
chr9	123161011	-
chr16	81709836	+
chrX	154468521	+
chr19	10687460	+
chr20	6006195	+
chr8	47826694	-
chr5	115625863	-
chr3	134175724	-
chr3	48682916	-
chr3	53868781	-
chr19	18538334	-
chr22	50281992	-
chr5	135343361	-
chr12	109591244	+
chr15	90882311	+
chr14	102348513	-
chr10	100991007	+
chr9	131079248	+
chr14	102033317	+
chr2	218266932	-
chr17	44678325	-
chr12	108646812	-
chr20	6006196	+
chr11	18506890	-
chr6	13978270	+
chr11	65920602	+
chr17	76353756	-
chr19	41243705	+
chr18	74253564	-
chr17	40035780	-
chr11	74841428	+
chr6	17632756	-
chr17	41972021	+
chr5	32789812	+
chr9	137174996	-
chr22	41339980	+
chr15	85138715	+
chr20	34951775	-
chr7	151042048	+
chr2	241163380	+
chr22	40407535	+
chr5	72228279	-
chr22	30870672	+
chr20	35658989	-
chr18	9861856	+
chr19	16553662	-
chr2	54643112	+
chr12	6856130	+
chr1	36139724	-
chr16	694342	-
chr1	230838130	-
chr2	53931881	-
chr11	33708717	-
chr5	180241046	-
chr5	10411475	+
chr4	139507032	-
chr20	32429429	+
chr10	110591105	+
chr1	158086706	+
chr3	49721684	-
chr11	27472644	-
chr5	36168438	+
chr11	404907	+
chr16	69330361	-
chr17	7911624	+
chr19	2733245	-
chr5	146503832	+
chr14	75437988	+
chr20	62946317	+
chr1	42929641	-
chr10	79347671	+
chr9	137281001	+
chr12	131932250	+
chr1	201468407	-
chr21	46649617	+
chr1	54731595	+
chr10	94581364	+
chr7	29920361	-
chr16	2234323	+
chr2	131147328	+
chr1	26854816	+
chr1	212285904	+
chrX	53405938	-
chr19	49805518	+
chr2	233841973	-
chr17	50970726	-
chr5	142144615	+
chr19	10151541	-
chrX	136869697	-
chr17	1482523	-
chr11	62597376	-
chr22	29340781	-
chr14	103385551	+
chr6	7609973	+
chrX	153872665	-
chr12	753288	+
chr17	63835529	-
chr11	6391410	+
chr5	141319794	-
chr5	32403919	-
chrX	53210775	-
chr13	110512199	+
chr14	100278484	+
chr1	155062536	+
chr1	37689869	-
chr1	209843612	+
chr6	41940454	-
chr7	44708521	+
chr7	157268766	+
chr2	47414404	+
chr17	74988011	+
chr18	24118132	+
chr1	215579978	+
chr17	81572039	-
chr16	89544691	+
chr3	184245607	-
chrX	154488508	-
chr17	41811549	-
chr3	150546397	-
chr1	206611335	-
chr16	74453230	-
chr12	79689947	-
chr1	32037851	+
chr5	116292571	+
chr10	103590799	+
chr2	74529605	-
chr9	137813119	+
chr4	139301704	+
chr16	70661680	-
chr19	7682607	+
chr12	52170706	-
chr1	1046450	+
chr19	2430803	-
chr17	78358778	-
chr1	230843580	-
chr11	76795814	+
chr14	22982512	-
chr1	173845234	+
chr7	1936741	-
chr11	17148747	-
chr12	119194504	+
chr17	75847929	-
chr9	137272982	+
chr5	140696171	+
chr5	150368762	+
chr12	24813085	-
chr19	45507755	+
chr17	43189747	+
chr20	11919154	+
chr8	120432072	-
chr20	4699262	+
chrX	130131692	-
chr1	193138157	+
chr20	62813134	+
chr9	137754244	+
chr16	2708759	+
chr9	125341186	+
chr11	43881128	+
chr12	108531222	-
chr7	2731706	-
chr1	231225481	-
chr6	5404677	+
chr13	45967867	-
chr10	125788963	-
chr9	93124995	-
chr5	140568812	+
chr3	50648886	+
chr13	110512342	+
chr17	7591486	-
chr20	51625294	-
chrX	151676277	+
chr17	31999428	+
chr9	33912027	+
chr15	75617526	-
chr3	37296196	+
chr2	177234133	-
chr17	63819485	-
chr19	1370785	+
chr12	120697538	+
chr17	56981099	+
chr3	40311527	+
chr22	46330064	+
chr11	126407317	+
chr10	35010228	-
chr2	190995129	-
chr5	138285696	-
chr16	67438319	-
chr1	206733461	+
chr17	81696934	+
chr22	40353112	+
chr13	110480333	+
chr17	45121296	-
chr20	63590250	-
chr19	1980924	+
chr11	20363891	+
chr20	647595	-
chr20	62134892	+
chr22	19447521	-
chr19	49877066	-
chr5	177607318	+
chr9	35066766	-
chr6	34392434	-
chr14	91475877	-
chr7	128457991	+
chr16	84981985	-
chr17	5383412	+
chr3	179563079	+
chr10	133309446	+
chr17	17817105	-
chr9	35704018	-
chr13	27424848	+
chr14	75113387	-
chr12	120699784	+
chrX	154379768	+
chr1	186383149	+
chr2	61878998	-
chr5	132897098	-
chr1	173824952	+
chr1	38018521	+
chr21	25734856	-
chr7	158741751	-
chr19	1924937	+
chr9	131495870	+
chr7	45921213	-
chr1	225987933	-
chr5	111125744	+
chr2	69387147	-
chr17	32334509	-
chr13	49792513	-
chr19	3062841	-
chr16	74493024	-
chr16	75412583	-
chr9	136943985	-
chr5	151101119	-
chr2	37203345	+
chr13	110646081	-
chr15	68206994	-
chr17	74768959	+
chr19	50482504	+
chr19	33194638	+
chr3	129315435	-
chr11	95177762	-
chr19	49537138	+
chr20	48974841	+
chr5	43656005	+
chr22	46275262	+
chr3	189956922	-
chr3	9930096	+
chr22	20859209	+
chr6	3000013	+
chr1	32184614	+
chr1	44649675	+
chr1	117934661	+
chr2	61478071	-
chr22	50462218	-
chr9	35716467	-
chr7	56079825	+
chr15	89333802	-
chr9	93446771	-
chr1	21217834	-
chr13	36965586	-
chr1	171790587	+
chr16	88643365	-
chr11	9740202	+
chr9	125148504	-
chr20	50191296	+
chr2	101253300	+
chr2	20203931	-
chr5	127554517	+
chr3	56640113	-
chr5	150700491	-
chr7	6023798	+
chr16	31111104	+
chr1	145851079	-
chr8	123019241	-
chr11	95067635	+
chr11	903093	-
chr19	55383978	-
chr5	102866172	+
chr17	82727606	+
chr15	41480673	+
chr16	70685797	-
chr10	97717500	+
chr11	721165	+
chr14	77512320	-
chr2	53797585	+
chr18	36145005	+
chr1	43622129	+
chr19	13153392	+
chr4	1793948	+
chr11	65107947	+
chr19	2234005	-
chrX	65534644	-
chr6	13696856	-
chr15	89898836	-
chr16	88722362	-
chr16	259565	+
chr3	45458774	+
chr12	29371665	-
chr1	155913335	-
chr1	6221775	-
chr11	66625497	+
chr12	106997606	-
chr2	219543411	-
chr1	154951915	-
chr9	127813291	+
chr7	102273449	+
chr17	7592333	-
chr5	136154046	+
chr19	18855157	+
chr19	1020855	-
chr19	56089014	-
chr16	2765468	+
chr20	63733343	+
chr9	129128060	+
chr6	113859859	+
chr3	50297258	-
chr9	34618686	-
chr14	77579028	-
chr20	62324131	-
chr12	52070204	+
chr21	41168201	+
chr8	22615429	+
chr12	55727232	-
chr8	143918727	-
chr7	100868683	+
chr4	143526417	+
chr16	1809233	-
chr2	229802315	-
chr16	67282264	+
chr18	75201442	-
chr12	109103479	+
chr2	27233405	+
chrX	151397263	+
chr1	183132527	+
chr22	43166658	-
chr5	10264887	+
chr19	33387387	-
chr6	150865994	+
chr11	35229603	+
chr16	29809560	+
chr1	43362961	+
chr3	121699818	-
chr19	55453098	-
chr5	172082993	-
chr9	35720168	-
chr16	70519664	-
chr5	126600996	+
chr17	81289782	-
chr5	151809692	+
chr4	1804908	+
chr18	3456509	+
chr1	150575093	-
chr17	58090922	+
chr15	58899538	-
chr1	53966348	+
chr9	136475284	-
chr16	69330174	-
chr3	45541860	+
chr1	35434604	-
chr15	83016565	-
chr16	2975592	-
chr15	42548910	+
chr14	92156565	+
chr17	43766935	-
chr5	181204888	-
chr6	113971119	-
chr8	132013007	+
chr5	180791907	-
chr12	132661559	-
chr17	63792501	+
chr16	2206648	+
chr8	95154689	+
chr4	53453051	+
chr19	7472093	+
chr16	85726	+
chr12	56746946	-
chr3	48432647	-
chr12	110374029	-
chr12	106239174	-
chr12	69359828	+
chr21	46644434	+
chr6	17637475	-
chr7	96121967	-
chr17	5419572	-
chr2	235494372	+
chr17	6650419	-
chr1	19311960	-
chr16	57121119	+
chr19	10832662	-
chr9	137192146	-
chr19	12747244	+
chr16	70251629	-
chr16	29993095	-
chr22	21919696	-
chr22	41903020	+
chr17	41821044	+
chr1	27850570	+
chr17	45103108	+
chr14	103571639	+
chr3	160508125	-
chr3	48695250	-
chr20	3803433	+
chr4	6301139	+
chr10	133293214	-
chr22	28742176	+
chr16	58405744	+
chr19	2050804	-
chr3	123914458	-
chr12	89708767	-
chr1	231542558	+
chr22	36489353	-
chr1	6225034	-
chr5	150115673	-
chr17	13002522	-
chr7	100888365	+
chr14	21361183	-
chr17	82091645	-
chr1	51821505	-
chr9	130938568	-
chr12	102196059	+
chr2	85581653	+
chr7	151072013	+
chr6	8434416	-
chr14	104176428	+
chr4	37830096	+
chr19	16441916	-
chr2	3192560	-
chr15	65577432	+
chr15	42529689	+
chr4	107644867	-
chr18	36215772	+
chr12	98601443	+
chr2	1649290	-
chr11	60936741	+
chr8	117799706	-
chr15	90643169	+
chr12	108658907	-
chr19	11033390	+
chr10	133299561	-
chr11	67435029	+
chr17	28860803	+
chr5	75359423	+
chr3	179592670	-
chr5	150125482	-
chr5	5460889	+
chr4	37845728	+
chr10	133420133	+
chr6	157292790	-
chr1	204405846	-
chr22	29334354	-
chr3	48591791	-
chr2	215404498	-
chr19	41353221	-
chr6	36213884	+
chr6	20101273	-
chr1	35715647	-
chr1	234609234	-
chr14	77320780	-
chr3	49111605	-
chr14	31207110	-
chr22	37659352	+
chr17	2682297	+
chr19	3465045	+
chr3	186581447	+
chr11	65539224	-
chr12	48119381	+
chr17	34962362	+
chr20	41172443	+
chr1	209837017	+
chr15	74631046	-
chr20	33659958	-
chr11	69652061	+
chr1	9730021	-
chr4	6300951	+
chr14	77285557	-
chr4	4862748	+
chr8	23294834	+
chr15	40412998	+
chr1	9730339	-
chr1	214641228	+
chr8	30703158	-
chr19	17581633	+
chr19	3121601	+
chrX	134991417	+
chr1	156253042	-
chr1	1338347	-
chr17	56913524	-
chr17	8492820	-
chr20	45898064	+
chr19	10671522	+
chr8	23022908	-
chr1	236574217	-
chr17	82487940	+
chr1	52359791	-
chr8	61576833	-
chr2	54138726	+
chr16	81701728	+
chr8	22165342	+
chr11	130129165	+
chr6	160105049	+
chr5	10307705	-
chr2	101006422	+
chr2	55693793	-
chr1	1042049	+
chr10	97717225	+
chr12	112409480	-
chr7	128748615	+
chr11	31414868	+
chr17	42117590	-
chr17	81932894	-
chr15	66349317	-
chr11	60906386	-
chr12	50739515	+
chr9	136836324	-
chr16	83064	+
chr9	137080754	+
chr5	109337332	-
chr20	3785782	-
chr1	36136684	-
chr12	74540653	+
chr21	43694081	+
chr17	19909960	-
chr6	105397873	-
chr8	144084449	+
chr1	109573986	+
chr17	7890949	+
chr1	43386937	-
chr19	15425616	-
chr3	25630827	-
chr9	33462550	-
chrX	31223062	-
chr3	52533690	-
chr5	31401331	-
chr18	79988403	-
chr4	75812292	+
chrX	135051535	-
chr2	42282852	+
chr7	151070037	+
chr19	1010710	-
chr7	76064815	+
chr16	23523236	-
chr12	110382919	-
chr3	127576825	-
chr4	2954443	-
chr3	9791488	-
chr1	36137132	-
chr2	28800415	+
chr9	35699129	-
chr21	37195882	+
chr19	46610250	+
chr7	103322747	-
chr17	44722925	+
chr8	97719051	+
chr5	5462907	+
chr11	35808849	+
chr11	66859982	+
chr12	124333264	-
chr8	27597999	-
chrX	71060621	-
chr1	112696526	+
chr19	2438287	-
chrX	41170212	+
chr14	100342474	-
chr16	1351490	-
chr7	45105622	-
chr16	68339451	+
chr18	677410	-
chr9	130637282	+
chr19	47716657	+
chr1	171784436	+
chr3	47409482	+
chr19	4657676	-
chr1	228101385	-
chr11	32956085	+
chr1	117077990	+
chr13	112527439	-
chr6	99401226	-
chr20	44720112	+
chr22	20085710	+
chr14	100281408	+
chr16	57154095	-
chr9	125302101	+
chr7	107937197	-
chr8	23571582	+
chrX	119538390	-
chr12	50930179	+
chr14	103654790	+
chr1	6099974	+
chr8	58585932	-
chr2	219571441	-
chr1	20633924	+
chr8	140547529	-
chr11	18089412	-
chr9	128541786	+
chr1	45014781	+
chr14	96560701	+
chr15	74956595	-
chr11	119335273	+
chr1	235155070	-
chr19	38309635	-
chr5	864043	-
chr11	62824541	-
chr9	125354721	+
chr5	178144070	+
chr4	183444744	+
chrX	136210486	+
chr22	50463307	-
chr17	78174187	-
chr20	56392599	+
chr20	62800463	+
chr9	131860525	-
chr5	134582265	+
chr11	72238509	+
chr8	38252991	+
chr7	135593166	+
chr1	244864333	-
chr5	10761116	-
chr12	14786526	-
chrX	16841729	+
chr20	36549716	+
chr1	52475393	-
chr12	120164453	-
chr11	62856213	+
chr9	127872717	-
chr14	70030725	+
chr2	158680658	+
chr12	49558609	-
chr20	31547466	+
chr17	79755597	-
chr15	40903552	+
chr3	14135899	+
chr10	97467518	-
chr5	154415794	+
chr14	105470078	+
chr22	46297121	+
chr21	43757805	+
MU273382.1	89833	-
chr6	100607012	-
chr5	55378457	+
chr15	64093805	-
chr1	15577722	-
chr10	110887747	+
chr2	46956971	+
chr2	69342202	-
chr3	49017783	-
chr3	158646295	+
chr19	18169405	+
chr5	10391647	+
chr22	50193041	+
chr17	82085864	-
chr17	76386505	+
chr2	152681311	-
chr19	3186014	+
chr19	7555260	+
chr19	2233366	-
chr16	69316334	+
chr6	44422672	+
chr11	119335903	+
chr20	41092515	+
chr20	62337913	-
chrX	71537950	+
chr20	62318512	-
chr3	51392414	+
chr20	3801297	+
chr2	70212679	-
chr12	53065600	-
chr15	40767410	+
chr4	39863010	-
chr1	12013280	+
chr20	37519210	-
chr10	97748327	+
chr7	158829214	-
chr5	173317746	-
chr12	120144939	-
chr12	55819376	+
chr9	111428152	-
chr9	123146960	-
chr4	2875938	+
chr5	34811066	+
chr14	104712451	+
chr22	50525842	-
chr4	39977699	-
chr12	106247857	-
chr5	95523271	-
chr1	11950391	+
chr21	43756873	+
chr12	120095917	-
chr17	745557	-
chr17	7911798	+
chr9	128721139	-
chr17	5444215	-
chr16	68021977	-
chr3	23807350	+
chr20	57709668	-
chr12	122473821	-
chr19	7623226	-
chr3	47495988	-
chr17	16067905	-
chr14	23095041	-
chr1	108696318	+
chr7	44116220	-
chr14	35404545	-
chr3	130733694	-
chr15	90644240	+
chr3	4675201	+
chr12	57720494	+
chr7	1540643	+
chr4	139509587	-
chr2	96266316	+
chr12	124950013	-
chr17	50070883	+
chr7	99012274	+
chr12	56131041	+
chr19	5691759	+
chr17	47649979	+
chr11	64854820	-
chr11	64766114	-
chr11	93735279	-
chrX	17749468	+
chr5	177436465	+
chrX	154428756	+
chr17	75522301	+
chr14	22904965	-
chr3	140977818	+
chr7	2663305	+
chr1	224192668	+
chr7	116782052	+
chr17	80469159	-
chr7	151232677	+
chr3	48693972	-
chr22	21622426	+
chr20	33374141	-
chr1	234608866	-
chr12	24815119	-
chr12	53213694	-
chr9	129111372	+
chr20	2658689	-
chr5	31553887	+
chr19	14446544	+
chr1	186336561	-
chr15	41280312	+
chr1	246565890	-
chr22	37815769	+
chr9	128435876	+
chr12	110373462	-
chr13	98577046	-
chr11	47217022	+
chr19	7927256	-
chr3	52533607	-
chr19	30012322	+
chr16	58115410	-
chr14	104176204	+
chr16	764997	+
chr11	126275846	+
chr16	89553804	+
chr16	4693987	+
chr3	48577020	-
chr20	24963309	-
chr17	18971550	-
chr5	31530828	-
chr7	135593067	+
chr11	47478893	-
chr6	7881059	+
chr20	63946512	-
chrX	47248107	+
chr6	133531229	+
chr3	50292314	-
chr14	105479793	+
chr17	44876061	-
chr11	106098354	+
chr19	19506334	+
chr17	39744102	+
chr9	136447335	-
chr13	99340491	+
chr17	29262819	-
chr1	52355798	-
chrX	54810936	+
chr8	19395225	+
chr11	9732680	+
chr19	10486758	-
chr11	85664780	-
chr1	186353694	-
chr11	65654448	-
chr2	55923121	-
chr14	22768143	+
chr8	143932670	-
chr9	71700675	-
chr15	65474220	-
chr2	210437803	-
chr9	38396394	+
chr17	43778840	-
chr8	47774232	-
chr3	10249355	+
chr1	1752672	-
chr17	28554248	-
chr6	159790629	+
chr4	77075835	-
chr5	6599910	-
chr19	15428495	-
chr18	54164578	-
chr2	173075984	+
chr5	34915664	+
chr11	44619979	+
chr17	4896475	+
chr7	92605383	-
chr1	84482982	+
chr7	6462303	-
chr11	62690620	-
chr11	65532767	+
chr15	40737645	-
chr13	72768837	-
chr8	133238313	-
chr2	11201082	-
chr20	50889277	-
chrX	31146377	-
chr3	37323933	+
chr17	7910885	+
chr17	3818397	-
chr3	180948407	+
chr3	142848406	-
chr7	73304264	-
chr9	108889370	-
chr14	104714555	+
chr6	44426705	+
chr22	43137142	-
chr13	113495765	+
chr2	37228046	-
chr1	211745626	-
chr17	7939621	+
chr12	910361	+
chr9	93122162	-
chr1	211675525	-
chr3	15059403	-
chr11	20407960	+
chr3	127671481	+
chr19	17516265	+
chr3	39390504	+
chr17	80475625	-
chr3	186584565	+
chr9	35100627	-
chr5	14387810	+
chr9	35813074	-
chr4	150915673	-
chr18	77105253	-
chr17	81720142	+
chr19	41243650	+
chr15	72752469	-
chr11	34449240	+
chr8	102838838	-
chr18	74148892	+
chr20	38767515	+
chr6	10398685	-
chr1	23787423	+
chr1	183117338	+
chr20	1454972	-
chr9	35707458	-
chr1	229490008	-
chr2	73926944	+
chr15	65577674	+
chr22	19134237	-
chr1	11982037	+
chr3	49132638	-
chr8	38169816	-
chr20	62832953	+
chr7	1567338	-
chr11	9728088	+
chr19	10830280	+
chr17	8504814	-
chr7	94656572	+
chr17	745922	-
chr14	103137054	+
chr1	108637795	+
chr8	52661149	-
chr19	18594105	-
chr1	42676701	+
chr12	56725052	-
chrX	54543329	+
chr7	149880292	+
chrX	7902098	-
chr16	89696762	-
chr6	7577027	+
chr12	57846450	-
chr19	49085496	+
chr9	128435736	+
chr6	17688494	-
chr16	1817182	-
chr19	6387469	-
chr1	197102679	-
chr7	1530877	+
chr5	34811856	+
chr2	53818657	+
chr11	60898602	-
chr18	683290	-
chr7	66987825	-
chr20	36891925	-
chr17	75847576	-
chr19	4475286	+
chr10	97679889	-
chr4	145110974	+
chr1	153613024	-
chr19	3523020	+
chr5	6714484	+
chr11	65886342	-
chr16	2708081	+
chr9	128390086	+
chr19	3574383	+
chr16	85676037	+
chr3	184183826	+
chr1	223747120	+
chr5	177455797	+
chr3	58172167	+
chr5	138192564	-
chr1	229288739	+
chr2	231077139	+
chr4	26673830	+
chr17	8492992	-
chr1	160279446	-
chr20	32316236	+
chr19	40367744	+
chr3	52547332	-
chr1	85582124	+
chr20	62668067	+
chr11	112150177	-
chr19	1010022	-
chr11	794877	-
chr9	121190725	-
chr4	82871947	-
chr16	46660414	-
chr14	75088539	-
chr3	15240561	+
chr14	103475085	+
chr11	46701472	+
chr2	24839876	-
chr17	8481375	-
chr8	102863811	-
chr3	52524685	-
chr13	48381256	+
chr11	61800196	-
chr17	42223535	-
chr16	8923412	-
chr16	1827322	+
chrX	41609970	-
chr8	20216481	+
chr17	29547903	+
chr22	36288836	-
chr17	41909011	-
chr5	113513872	+
chr1	46285916	-
chr22	20887702	+
chr12	53505256	+
chr19	45829162	-
chr11	120111696	-
chr11	123594154	+
chr22	41356350	+
chr4	1841410	-
chr8	23017670	+
chr1	26879705	-
chr7	76329887	-
chr6	33772760	-
chr15	78589815	+
chr1	197104563	-
chr5	138183559	+
chr1	160239700	-
chr16	81678580	+
chr16	70356195	+
chr16	50066045	+
chr3	52151057	-
chr4	39081231	+
chr19	3543648	-
chr22	37185355	-
chr19	19528017	+
chr4	8306148	+
chr9	132679761	+
chr7	75073475	-
chr8	97726700	+
chr1	10630313	+
chr5	154814504	+
chr19	33511099	-
chr11	126414307	+
chr9	132400099	-
chr11	66341219	-
chr22	43947440	+
chr19	2101273	-
chr2	26367148	+
chr19	55383848	-
chr17	50382204	-
chr11	65885660	-
chrX	154485947	-
chr19	11436136	+
chr16	81709786	+
chr6	37483117	-
chr2	24816675	+
chr5	31541003	+
chr2	20040908	-
chr5	177513739	-
chrX	77618885	-
chr11	65186003	+
chr22	19875568	-
chr8	41497534	+
chr14	102002904	+
chr9	35748597	-
chr7	32957583	+
chr16	89300488	-
chr2	9471437	+
chr22	19918948	-
chr13	110910693	-
chr19	18593435	-
chr7	107963045	-
chr17	7239403	-
chr1	111447110	-
chr16	2206510	+
chr11	111755438	-
chr7	726928	+
chr22	46356932	+
chr16	88631465	+
chr3	49111111	-
chr17	28644137	-
chr1	224227622	-
chr2	240467440	+
chr19	49011309	+
chr5	31532025	-
chr3	160430603	+
chr3	9689984	+
chr19	55642974	+
chr9	120713991	-
chr14	101986004	+
chr4	139533266	-
chr11	47410244	+
chr10	133281377	-
chr7	55191754	+
chr20	58651469	+
chr4	139507317	-
chr9	127807031	+
chr4	184765930	-
chr7	100098156	-
chr17	76082266	-
chr5	151122946	-
chr22	46699315	-
chr9	135075652	+
chr22	44493936	-
chr11	20055917	+
chr9	127908350	-
chr4	139529148	-
chr1	27294042	+
chr20	38615042	-
chr19	10110168	+
chr5	172951647	+
chr1	202333319	-
chr11	34136763	+
chr19	16234769	+
chr11	116786581	-
chr3	149167923	+
chr5	148433704	+
chr11	69653209	+
chr5	37348526	-
chr1	20879460	-
chr10	5748081	+
chr16	715977	+
chr9	124327405	+
chrX	53409232	-
chr2	86212679	+
chr17	1518324	-
chr3	50558126	-
chr19	38305291	-
chr1	38018473	+
chr5	176658730	+
chr19	18169404	+
chr22	38294371	-
chr10	68188910	+
chr21	43758133	+
chr7	101218212	+
chr3	51684612	+
chr13	48081647	-
chr16	29844541	+
chr17	30455408	+
chr7	127585405	-
chr12	79690009	-
chr17	747800	-
chr16	89935969	+
chr17	16072226	-
chr19	10544814	+
chr9	137113362	-
chr11	68757392	-
chr14	70030439	+
chr19	14480414	-
chr16	70251266	-
chr19	1068484	+
chr11	376819	+
chr7	26190341	-
chr2	240021349	-
chr3	42548497	-
chr4	71030493	+
chr19	805564	+
chr9	132651094	-
chr20	396454	+
chr16	66563147	+
chr1	244411367	-
chr3	128485945	-
chr3	128498980	+
chr2	127722695	-
chr2	112520334	+
chr20	408697	+
chr8	27820685	-
chr5	52801488	+
chr16	2707712	+
chr8	25468231	+
chr1	42759348	-
chr15	59662484	-
chr6	7580012	+
chr1	117060516	+
chr13	60529008	+
chr6	75709575	+
chrX	53380135	-
chrX	44873351	+
chr1	108699613	+
chr6	44230634	+
chr3	48747848	-
chr14	75082359	-
chr1	155057035	+
chr16	2767685	+
chr5	178147580	+
chr6	116651726	-
chr15	63157482	-
chr12	54236184	-
chr2	238188175	-
chr18	35702924	+
chr17	41988803	-
chr3	136945879	+
chr5	178142966	+
chr22	31434185	+
chr19	48922600	+
chr2	74369422	-
chr1	155015666	+
chr1	145837585	+
chr4	1245321	-
chr3	41240155	+
chr11	86808253	+
chr12	32679440	+
chr16	29905944	+
chr17	76725659	-
chr20	49075508	+
chr14	105454291	+
chrX	154485234	-
chr12	57752304	-
chr17	4674629	-
chr7	96191246	-
chr21	43759230	+
chr5	151030104	-
chr19	1584569	-
chr4	98995813	+
chr16	80601162	-
chr17	42333934	-
chr20	35172214	+
chr4	25748442	-
chr5	177331595	-
chr19	14404534	+
chrX	7927298	-
chr17	75063967	+
chr12	49559464	-
chr7	100108404	-
chr2	27242736	+
chr17	78803899	-
chr3	119822848	-
chr10	133308937	+
chr18	21704630	-
chr3	43079917	-
chr3	189963974	-
chr19	6742998	+
chr14	104894763	+
chr9	131476123	+
chr16	56502376	-
chrX	41229387	+
chr21	46438302	+
chr8	58585752	-
chr1	111440654	-
chr19	10986378	+
chr17	82520053	+
chr12	71782601	+
chr15	72199178	-
chr4	2933875	-
chr21	15818714	+
chr19	14463966	+
chr9	136410458	-
chr20	17970064	+
chr9	127663333	+
chr9	33466356	-
chr8	18011760	+
chr3	37327362	+
chr12	48065640	-
chr14	55616579	+
chrX	47240855	+
chr8	22245478	+
chr10	104312619	-
chr6	111873198	-
chr22	46690074	-
chr7	73683253	-
chr17	48060376	+
chr3	129254685	+
chr2	222918052	+
chr17	28547192	-
chr22	39377697	+
chr16	88714869	+
chr17	75896788	-
chr1	180166530	+
chr5	168441794	+
chr3	138742561	-
chr1	46281160	-
chr16	715222	+
chr16	69319427	+
chr12	120161905	-
chr12	69239664	+
chr12	113161924	-
chr11	102110832	+
chr1	45567983	+
chr1	154590367	-
chr7	2731029	-
chr1	231265335	+
chr1	35184260	-
chr16	30353075	-
chrX	41348026	+
chr20	59254973	+
chr1	20633920	+
chr11	6477732	-
chr15	78498235	+
chr19	55258790	-
chr17	744865	-
chr1	168045182	+
chr11	111766293	-
chr15	90876492	+
chrX	108606836	+
chr17	48927911	+
chr20	2660031	-
chr16	69334675	-
chr17	21000038	-
chr22	45196494	-
chr12	122208362	-
chr12	107692857	+
chr5	140677355	-
chr1	36394034	-
chr14	21098517	-
chr20	41028985	+
chr19	3113469	+
chr10	125826641	+
chr6	165921575	-
chr6	163571280	+
chr5	176528637	-
chr2	235042792	+
chr6	159681481	-
chr4	17624177	+
chr16	89893776	+
chr12	6556922	-
chr6	24403026	+
chr9	129102553	-
chr16	75656283	+
chr9	134823445	+
chr10	70146619	-
chr1	20652451	-
chr5	32712280	+
chr3	56624567	-
chr1	21256023	-
chr6	165924356	-
chr14	104710946	+
chr19	2151491	-
chr3	184710797	-
chr7	895433	+
chr12	52233546	+
chr11	71444024	-
chr15	75932892	+
chr4	1978803	+
chr10	72375864	-
chr9	34251684	+
chr10	71817047	-
chr19	49801537	+
chr5	5465171	+
chr19	579647	+
chr3	50259138	+
chr2	241262920	-
chr19	40705367	-
chr6	137881039	+
chr3	4644150	+
chr11	34141734	+
chr5	133104903	+
chr11	64267761	+
chr17	42337531	-
chr22	21000078	-
chr20	3190764	-
chr3	69965827	+
chr12	56138215	+
chr11	68807527	-
chr1	164799886	+
chr7	2543757	-
chr14	50770988	-
chr12	113185426	-
chr3	48575673	-
chr9	92713272	-
chr20	1118828	+
chr9	34610817	-
chr9	37503102	+
chr1	11675719	-
chr22	21697359	+
chr6	146554755	+
chr2	119372426	+
chr15	89306076	+
chr8	67228258	-
chr3	125560479	-
chr12	24814726	-
chr19	52226021	+
chr17	80468967	-
chr21	43759122	+
chr16	1362531	+
chrX	153864671	-
chr19	3094726	+
chr15	90232222	-
chr13	21045812	-
chr16	766937	+
chr9	109119737	-
chr3	57269630	+
chr1	70237549	+
chr5	134608464	-
chr17	17187365	+
chr17	28352982	-
chr1	234604934	-
chr20	57407918	+
chr19	42297317	-
chr8	124372193	-
chr22	19331314	-
chr2	33592114	-
chr16	29841823	+
chr1	23751245	+
chr6	15496647	+
chr10	110589929	+
chr16	27226810	-
chr1	186359867	-
chr11	60902453	-
chr19	13772936	+
chr14	102966331	-
chr16	56510899	-
chr16	27465380	-
chr4	75936208	-
chr1	11676050	-
chrX	47180466	+
chr4	2513871	+
chr17	5350594	+
chr13	99385590	+
chr11	46678359	-
chr5	163441279	+
chr1	1041623	+
chr17	82563434	+
chr12	120095961	-
chr6	110100637	-
chr1	52431111	-
chr1	156272341	-
chr5	14492812	+
chr17	82079131	-
chr9	108879537	-
chr8	38060238	+
chr2	74159147	-
chr8	123334301	-
chr6	33655794	+
chrX	154531536	-
chr19	48452782	+
chr16	89644746	-
chr9	88476241	+
chr12	132784255	-
chr7	149003719	-
chr1	220787101	+
chr6	99409242	-
chr17	82061620	-
chr11	71435836	-
chr4	5821041	-
chr1	11934832	+
chr22	50460107	-
chr11	72358962	-
chr15	80989658	-
chr10	80161984	-
chr6	75188408	-
chr7	102178579	+
chr5	146229033	+
chr16	1788762	+
chr6	10409943	-
chr1	35506722	-
chr1	11957865	+
chr20	44753457	-
chr17	44558396	+
chr1	183024112	+
chr17	18103804	+
chr10	68206869	+
chr17	5489476	+
chr1	28536007	+
chr17	80469514	-
chr19	2438204	-
chr7	134970637	+
chr11	93784591	+
chr12	124483622	-
chr11	65127589	-
chr12	6724690	+
chr6	15615358	-
chr10	109882554	-
chr6	149410291	+
chr21	46411387	+
chr14	75279974	+
chr5	462223	+
chr6	150936916	+
chrX	20176463	-
chr9	132689694	+
chr9	136940952	-
chr1	2391955	+
chr5	31526173	-
chr9	137109110	+
chr10	133355496	-
chr1	214652985	+
chr19	17555935	+
chr3	17160437	-
chr14	105479631	+
chr11	1752919	-
chr6	129577262	-
chr11	64288441	+
chr17	62627830	+
chr5	176509956	+
chr7	116918828	+
chr1	25816265	+
chr19	10772567	+
chr19	10986526	+
chr11	68773294	-
chr14	99516200	-
chr19	3959224	-
chr8	143930419	-
chr3	13614135	+
chr20	4700309	+
chr19	19649912	-
chr17	58998926	-
chr7	869504	+
chr1	151052291	-
chr7	726927	+
chr1	173823962	-
chr19	39470199	+
chr9	128626609	+
chr12	108523479	-
chr19	47740906	+
chr3	179323201	+
chr12	50814185	+
chr10	73156374	-
chr13	113076121	+
chr1	108700494	+
chr7	117136160	+
chr12	21501932	+
chr17	42323622	-
chr16	70480954	-
chr11	68426070	+
chr19	1031139	+
chr12	120720966	+
chr11	72238306	+
chr5	37330056	-
chr5	80873262	+
chr11	57805902	+
chr2	230713011	+
chr16	28156504	-
chr11	112025738	+
chr6	143844607	+
chr16	68122929	+
chr1	1752446	-
chr1	42926681	-
chr11	115231366	-
chr4	39527293	-
chr11	66288213	-
chr22	21622999	+
chr22	37568247	+
chr16	27461530	-
chr16	1819172	-
chr5	148427534	+
chr3	49727134	-
chr20	18532692	+
chr1	155330441	+
chr7	75042426	-
chr19	32604334	-
chr3	48918928	+
chr20	18593800	+
chr9	83955600	-
chr5	886660	-
chr11	62517309	-
chr5	456957	+
chr10	93359901	-
chr16	10529357	-
chr8	23298927	-
chr1	214645029	+
chrX	124047389	+
chr1	1050461	+
chr22	42884526	-
chr19	1474376	-
chr7	77639261	+
chr9	70264423	+
chr19	3958525	-
chr1	8878997	-
chr3	126988609	+
chr2	218346196	+
chr3	134356354	-
chr1	6636168	-
chr16	71928717	+
chr12	120096771	-
chr8	89953293	-
chr11	88293910	-
chr11	3762972	-
chr5	435355	+
chr1	41028080	-
chr7	32957582	+
chr9	84002709	+
chr2	232456304	+
chr10	62805911	+
chr7	891053	+
chr1	71066928	-
chr2	85398745	-
chr19	41264652	+
chr16	84095681	-
chr12	111655592	-
chr15	51960721	-
chr5	66178827	+
chr19	45884722	-
chr5	16763657	-
chr2	241262786	-
chr1	228406387	-
chr18	31548089	+
chr13	109783765	-
chr11	2377372	+
chr2	182925255	-
chr6	26124270	+
chr2	215332478	+
chr1	20660908	-
chr9	137039985	-
chr16	89275095	-
chr11	65978638	+
chr21	44313979	+
chr11	65780107	-
chr17	81933270	-
chr19	50510402	-
chr19	12876213	-
chr16	30980060	+
chr11	130911696	-
chr7	75881905	+
chr6	151015666	+
chr17	8476964	-
chr6	170577652	-
chr3	197770234	+
chr17	48060045	+
chrX	7900723	-
chr14	104719587	+
chr17	78224196	+
chr16	70685872	-
chr17	81666896	+
chr5	176507979	+
chr8	22613048	+
chr16	4694153	+
chr14	102016975	+
chr6	42964199	-
chr8	144085349	+
chr10	99403833	-
chr5	5489848	+
chr11	47164562	-
chr9	131198144	+
chr3	4811457	+
chr17	80295633	+
chr10	87505485	+
chr3	10279313	+
chr16	69742075	-
chr2	26792150	+
chr1	209626010	-
chr14	92134071	+
chr3	45743630	+
chr11	65109714	+
chrX	56565234	+
chr12	46268566	-
chr14	100279890	+
chr12	71634197	-
chr13	21496128	-
chr5	14713557	-
chr20	63895242	+
chr11	95829244	+
chr5	154896117	-
chr17	29549653	+
chr8	23430088	-
chr4	3512837	-
chr17	16441837	+
chr1	165827619	+
chr12	56168074	-
chr11	34356927	-
chr2	222624744	-
chr17	45121228	-
chr5	466965	+
chr3	15251642	+
chr12	64716646	-
chr1	214281206	+
chr18	49286597	-
chr15	65556811	+
chr3	51933533	-
chr19	46738197	-
chr5	119393432	+
chr12	79596656	-
chr7	101321674	-
chr3	113746048	-
chr22	32859848	+
chr19	10151769	-
chr1	220172012	-
chr19	12896017	+
chr14	103341072	+
chr11	35620148	+
chr19	48922853	+
chr16	2682761	+
chr9	113291615	+
chr19	35876577	+
chr2	127489834	-
chr1	229477747	-
chr17	66809150	+
chr2	96351853	+
chr10	93319931	-
chr11	62827623	-
chr3	38254530	+
chr4	1961139	+
chr17	82057375	+
chr11	65720258	-
chr15	64131705	+
chr5	150115443	-
chr5	138170890	-
chr11	34167305	-
chr3	9371221	+
chr20	46371687	-
chr17	79834525	-
chr16	68261016	+
chr7	150371660	+
chr1	15717970	+
chr9	129003373	+
chr4	17583555	+
chr10	97717659	+
chr5	6746351	+
chr6	75085008	-
chr1	78013423	+
chr20	35669376	-
chr12	52233236	+
chr22	30588095	-
chr8	65704810	+
chrX	154443170	+
chr15	25375720	-
chr3	108569426	-
chr17	44399999	-
chr17	8289928	+
chr19	18606744	-
chr16	72112512	+
chr10	18659539	+
chr11	114440722	+
chr19	1581260	-
chr1	1336132	-
chr3	133841325	-
chr17	7884984	+
chr1	3782754	-
chr22	41245612	-
chr17	16146470	-
chr9	121760381	+
chr13	109785355	-
chr6	159681310	-
chr3	133586674	+
chr3	14142412	+
chr9	132262864	-
chr20	33676493	-
chr11	65557681	-
chr3	48564157	-
chr4	56469752	+
chr1	228098035	+
chr10	87051362	-
chr1	225402759	-
chr19	19057636	+
chrX	154490583	-
chr9	128459628	+
chr18	5433548	-
chr12	121899802	+
chr22	42871204	-
chr9	136841106	+
chr22	50281723	-
chrX	153872318	-
chr9	127523805	-
chr11	112033523	+
chr7	23246891	+
chr2	219606015	+
chr21	44849991	-
chr2	196773113	-
chr2	74529248	-
chr15	65517602	-
chr5	14673694	+
chr2	74460288	+
chr10	70114955	-
chr20	3753525	-
chr6	5368920	+
chr17	81673601	+
chr16	18793009	-
chr1	26780141	+
chr5	134560751	+
chr1	214646422	+
chr16	67830085	-
chr11	106009639	-
chr1	53211095	+
chr8	18057484	-
chr6	158766869	-
chr7	44059576	+
chr12	123627136	-
chr16	68316048	+
chr10	74123490	-
chr5	436370	+
chr2	3388407	+
chr2	158666464	+
chr19	10557621	-
chr19	19506162	+
chr3	133587507	+
chr3	186806327	-
chr1	1000057	-
chr19	3209180	+
chr22	50460122	-
chr11	71442287	-
chr16	85779142	-
chr12	29343242	-
chr8	38847958	+
chr3	196587115	+
chr19	55384089	-
chr15	75639796	-
chr17	41811502	-
chr22	20131893	+
chr2	131149177	+
chr7	2730071	-
chr2	201285255	+
chr20	50890751	-
chr10	133362751	-
chrX	119236548	+
chr9	37304243	+
chr14	31345207	-
chr5	16779579	-
chr17	56889978	-
chr8	22593999	+
chr12	881967	+
chr14	103131652	+
chr2	73223458	+
chr7	151078594	-
chr16	220745	-
chr1	201484162	-
chr22	41938977	-
chr1	77918257	+
chr6	165940455	-
chr17	28880577	-
chr4	2876048	+
chr8	38997081	+
chrX	154450516	+
chr3	33145002	+
chr14	30673258	+
chr11	65340535	+
chr18	51047128	+
chr16	58165609	-
chr20	32438515	+
chr15	64366058	-
chr17	68254553	+
chr5	16465525	-
chr10	14519955	-
chr8	143937168	-
chr4	73258423	-
chr1	173824818	+
chr10	93014225	+
chr9	38397098	+
chr3	15251555	+
chr16	69709479	-
chr11	60906557	-
chr9	99149717	+
chr14	61695635	+
chr17	3036981	+
chrX	24843563	+
chr19	49652453	+
chr9	85655279	-
chr1	211793101	-
chr1	43971784	+
chr14	100333974	-
chr9	127912567	-
chr20	63935219	+
chr19	1474465	-
chr20	63702145	-
chr8	23028338	-
chr3	100748963	+
chr20	37765277	+
chr7	151086735	+
chr17	42315705	-
chr11	119097264	-
chr17	42563025	+
chr2	96271510	+
chr9	134438221	+
chr4	151708003	-
chr17	75318926	-
chr11	14494364	-
chr22	38700571	-
chr14	88602018	+
chr20	326869	+
chr12	2857773	-
chr9	14081903	-
chr9	128820845	+
chr12	70353989	+
chr7	27829056	+
chr11	65526785	+
chr3	48587309	-
chr4	39976465	-
chr13	31161476	-
chr14	105250836	+
chr18	50271538	-
chr9	130703782	+
chr10	80169009	-
chr7	36449743	+
chr1	1314332	-
chr5	133022886	-
chr22	21922954	-
chr16	29860585	-
chr12	6860227	+
chr3	50066452	+
chr20	56397731	+
chr17	78973115	-
chr12	49526205	+
chr11	71435290	-
chr16	48303260	+
chr7	24650533	+
chr2	224514709	-
chr16	23572389	+
chr22	46293787	+
chr12	131943716	+
chr11	1759583	-
chr11	62791769	-
chr8	53769625	-
chr4	39458559	-
chr1	32157357	+
chrX	124101269	+
chr3	150546367	-
chrX	16691599	-
chr14	74661375	-
chr3	52686819	+
chr6	1312624	+
chr10	69389274	+
chr1	11970676	+
chr13	39659422	+
chr10	5918409	+
chr9	136118700	-
chr1	158093649	+
chr20	45848630	-
chrX	139783254	-
chr8	144104713	+
chr11	57468076	+
chr11	9165860	-
chr1	27006132	-
chr2	27650384	+
chr6	149843114	-
chr2	241672680	+
chr7	96170048	-
chr20	63590302	-
chr7	21901307	-
chr10	67888990	+
chr1	33324134	-
chr5	150389960	+
chr14	103698677	-
chr3	15051825	-
chr8	26410445	+
chr8	41611931	+
chr5	7892901	+
chr14	99405246	-
chr17	18978294	-
chr1	154583429	-
chr9	134053521	-
chr5	77432518	-
chr3	51391996	+
chr9	122241892	-
chr5	141515761	-
chr10	123155058	+
chr14	68979060	-
chr17	29578371	-
chr15	42529745	+
chr1	11076919	-
chr17	32481493	+
chr14	23061490	-
chr17	28634069	-
chr1	211572826	-
chr1	10399123	+
chr16	570038	+
chr4	39781371	+
chr2	96283915	-
chr1	211745627	-
chr1	241635664	-
chr17	42841518	+
chr2	227534911	+
chr7	107986264	-
chr7	103307639	+
chr14	61721745	+
chr11	75572591	+
chr1	11972875	+
chr11	134185384	-
chr17	32481947	+
chr17	63746468	-
chr1	223712557	+
chr11	35189905	+
chr16	89575890	+
chr20	32434551	+
chr8	102834694	-
chr13	25321035	+
chr2	61478554	-
chr6	44255267	-
chr6	57183966	+
chr7	45100101	-
chr1	248848275	+
chr1	1297902	-
chr1	183552568	+
chr13	51374701	-
chr1	43990631	+
chr5	97167746	-
chr1	46286302	-
chr15	43814516	-
chr9	129809926	+
chr11	14505163	-
chr16	89490462	-
chr4	2827276	+
chr10	70139636	-
chr2	54628988	+
chr11	34154344	-
chr5	77077101	-
chr12	30632006	-
chr9	19050498	+
chr14	105454236	+
chr19	13769017	+
chr9	95101454	-
chr11	75571977	+
chr2	53887285	-
chr12	89627687	-
chr12	12917123	+
chr3	149160250	+
chr19	50407133	+
chr4	121804725	+
chr6	43567304	-
chrX	12799345	+
chr19	13135442	+
chr22	38989554	+
chr1	183116807	+
chr5	150376236	+
chr1	119935539	-
chr9	69053154	+
chr1	204409815	-
chr15	40745066	-
chr12	8096800	+
chr13	112878399	+
chr4	2956744	-
chr3	28241682	+
chrX	53082509	+
chr11	66851188	-
chr10	94581385	+
chr5	180791892	-
chr8	38970038	+
chr20	35947731	+
chr22	37185360	-
chr17	18208686	+
chr9	91731110	-
chr16	89695345	+
chr17	59607636	+
chr5	140567339	+
chr2	47410279	+
chr11	112060026	+
chr20	45367179	+
chr17	76353570	-
chr13	20975296	-
chr9	26923303	-
chr3	9976987	-
chr9	131491508	+
chr7	44832447	-
chr19	10922156	+
chr2	215312103	+
chr17	68271159	-
chr7	100885878	+
chr3	47442975	-
chr6	7727269	+
chr9	136887619	+
chr16	67935458	-
chr9	85585473	-
chr8	22197326	+
chr1	248848474	+
chr1	154555945	-
chr22	24574246	+
chr9	130637039	+
chr10	5639836	-
chr8	21977789	+
chr18	59345934	-
chr9	26925923	-
chr16	47660723	+
chr7	99456705	+
chr17	82090442	-
chr1	165827670	+
chr11	61343918	+
chr11	69648112	+
chr1	37807991	+
chr2	42055308	+
chr3	4642182	+
chr9	35712870	-
chr7	100827208	-
chr1	55064441	+
chr12	52173145	-
chr11	72727058	-
chr19	48922981	+
chr1	1752857	-
chr2	186495240	+
chr13	77055690	-
chr6	34887803	-
chr11	30336727	+
chr1	36180761	+
chr3	10279948	+
chr22	38291689	-
chr20	35277821	-
chr14	103529960	+
chr3	47916808	-
chr9	32408525	+
chr17	50150113	-
chr1	205096800	-
chr17	62682272	+
chr9	129071532	+
chr17	78853232	-
chr7	134933647	+
chr1	108648776	-
chr20	47672336	-
chr7	1477934	-
chr8	25460547	+
chr16	67880561	+
chr2	61482401	-
chr8	20216474	+
chr22	36501245	-
chr3	13321738	-
chr11	68796883	-
chr17	81550501	-
chr22	21644028	+
chr19	4445472	-
chr17	4886604	+
chr16	31110218	+
chr2	43574673	-
chr19	41432260	-
chr1	54851040	-
chr14	104176786	+
chr5	98903884	-
chr2	74531041	+
chr1	150268766	-
chr11	69653666	+
chr1	153959586	-
chr1	12011767	+
chr1	11680597	-
chr2	99368570	+
chr17	63817932	+
chr2	46385657	+
chr6	44387865	+
chr14	73904065	+
chr12	124473118	-
chr19	4475523	+
chr2	26386372	+
chr8	40153551	+
chrX	153787131	-
chr1	43591170	+
chr9	137022444	-
chr3	134478218	-
chrX	53535445	-
chr17	2690664	-
chr1	87103542	+
chr20	35303296	-
chr20	49113733	-
chr19	1038502	+
chr8	38973404	+
chr16	74305964	+
chr6	150971953	+
chr6	111714435	-
chr19	7556490	+
chr3	52527670	-
chr6	33771883	-
chr16	57756913	+
chr22	28800463	-
chr17	63816920	+
chr4	76169902	-
chr19	7941126	-
chr11	6476911	-
chr2	131048792	-
chr16	31109313	+
chr5	123023941	-
chr11	64234651	+
chr1	220193269	-
chr3	50057824	+
chr3	47928312	-
chr6	57172561	+
chr6	2765963	+
chr16	89738370	-
chr7	56074695	+
chr20	35366602	-
chr14	73107841	+
chr12	53102118	+
chr6	143942195	-
chr12	108645786	-
chr5	112877144	-
chrX	16757218	+
chr3	124997735	-
chr17	2698057	-
chr16	70481109	-
chr9	110136747	+
chr6	7581253	+
chr5	111502078	-
chr1	156727279	-
chr14	23645329	+
chr19	18993694	-
chr20	62387303	+
chr12	57787156	+
chr12	48829856	-
chr8	144080379	+
chr16	57664087	+
chr1	160215370	+
chr1	89934471	+
chr22	50256087	-
chr7	44578219	-
chr3	37063780	-
chr11	88312522	-
chr1	75791321	+
chr14	60734950	+
chr14	102012371	+
chr3	9890740	+
chr1	44750493	+
chr14	60811996	+
chr19	51104497	-
chr11	123059394	-
chr11	66626805	+
chr16	28166543	-
chr20	57407654	+
chr14	45224202	-
chr3	128912654	+
chr11	68348135	+
chr10	92452464	-
chr19	18994413	-
chr22	28795037	-
chr2	219540266	-
chr1	1045470	+
chr3	126957422	+
chr14	102033388	+
chr2	1632859	-
chr15	39985860	+
chr5	177403312	-
chr19	3113473	+
chr21	46644338	+
chr2	74424909	+
chr3	11558824	-
chr21	33358050	+
chr19	16529731	-
chr7	869494	+
chr6	70668072	+
chr19	16203519	+
chr3	180968060	+
chr3	184327684	+
chr19	39369783	+
chrX	54561924	+
chr17	3724255	+
chr1	179882890	+
chr17	42564875	+
chr2	10443719	-
chr10	97715336	+
chr17	43524080	+
chr1	42766676	-
chrX	85091752	+
chr11	212462	+
chr15	98922229	+
chr5	37333600	-
chr9	134843863	+
chr12	132029853	+
chr11	722478	+
chr11	68601950	+
chrX	3607713	-
chr20	63935584	+
chr12	120096003	-
chr3	128620396	-
chr8	125063557	-
chr17	82036053	-
chr7	66955911	+
chr17	8477038	-
chr15	51971710	-
chr1	156263500	-
chr3	69047392	-
chr7	1503905	-
chr20	63739841	+
chr19	39453519	+
chr15	40736206	-
chr9	76394381	-
chr8	123339402	-
chr11	85664803	-
chr15	64963458	-
chr1	87332156	+
chr9	137169278	-
chr15	43189258	+
chr19	896578	-
chr16	3769210	-
chr7	131501020	-
chr8	140675463	-
chr17	41905555	-
chr15	77070958	-
chr22	18150173	+
chr5	181204593	-
chr14	22973490	-
chr6	36489410	+
chr3	13386321	-
chr11	66272170	+
chr20	50124357	-
chr16	29968082	+
chr12	109097651	+
chr12	53101059	+
chr16	66885513	+
chr10	74224565	+
chr6	149505393	-
chr20	63590303	-
chr1	999751	-
chr19	19505482	+
chr12	110376070	-
chr19	4409165	+
chr1	153959468	-
chr19	49994819	-
chr7	55019115	+
chr19	35633245	+
chr9	35075637	-
chr22	21000670	-
chr5	881138	-
chr20	35177084	+
chr4	139546973	-
chr14	22611619	+
chr15	40767289	+
chr7	10982375	+
chr17	28717363	-
chr1	119919488	-
chr17	5361488	+
chr19	1978863	+
chr1	156009616	-
chr20	58989960	+
chr9	131531103	-
chr3	134478699	-
chr9	128494656	+
chr19	4013022	+
chr11	66685448	-
chr12	32679402	+
chr3	4983805	+
chr21	37240552	-
chr17	10697299	-
chr18	59168617	+
chr2	127505466	-
chr16	81709833	+
chr11	126202414	-
chr19	14406937	+
chr16	89282904	-
chr4	25782409	-
chr12	122856091	+
chr12	6981044	-
chrX	48708396	+
chr8	102265261	-
chr10	80425946	+
chr19	10142160	-
chr8	47826693	-
chr1	36289726	+
chr2	131147380	+
chr16	67638005	+
chr6	34654640	-
chr12	110403593	-
chr11	400558	+
chr1	145838144	+
chr15	39585526	+
chr5	39377262	-
chr7	94618817	-
chrX	49242990	+
chr22	50281375	-
chr3	13332324	-
chr20	35653299	-
chr3	13319945	-
chr20	45843615	-
chr8	27651590	+
chr1	186361704	-
chr20	18567502	+
chr19	682902	+
chr17	45108596	+
chr19	15123441	-
chr20	43462100	+
chr16	69709736	-
chr12	6557429	-
chr19	51104462	-
chr11	16817171	-
chr14	101926306	+
chr16	69384605	-
chr18	3457982	+
chr6	169702536	+
chr17	28561511	-
chr22	45240697	-
chr1	201485355	-
chr18	36215814	+
chr16	29803541	+
chr15	42548884	+
chr1	43364943	-
chr19	7912693	+
chr17	58511478	-
chr21	43757366	+
chr2	191385936	+
chr19	55258549	-
chr1	214646745	+
chr1	230281115	+
chr20	63619404	-
chr16	89490454	-
chr7	2541453	-
chr1	12004868	+
chr7	2539310	-
chr4	1979040	+
chr5	139681418	+
chr21	46277551	-
chrX	53409072	-
chr9	131621970	-
chr11	65977075	+
chr15	66781196	+
chr17	51260652	+
chr17	81547474	-
chr9	87731109	+
chr17	29572962	+
chr17	20156142	+
chr12	132729861	-
chr11	60850417	+
chr1	156294164	-
chr11	47239184	+
chr14	73097063	+
chr3	47587208	-
chr18	59330649	-
chr19	5785385	-
chr19	17727494	+
chr7	1481459	-
chr12	21499566	-
chr12	120096988	-
chr15	89306095	+
chr11	67428620	+
chr2	110666266	-
chr9	137200199	-
chr10	63599208	+
chr9	20620810	-
chr19	3366633	+
chr9	137281364	+
chr9	86033355	-
chr9	100427280	+
chr17	67350238	-
chr9	125233967	+
chr17	8121639	-
chr16	765217	+
chr5	109383409	-
chr6	18225252	-
chr8	123344990	-
chr17	35725493	+
chr9	97671341	+
chr5	140567661	+
chr4	1855899	-
chr14	92131126	+
chr5	71626685	+
chr10	86500359	-
chr2	182777909	+
chr19	41438309	-
chr20	58694498	+
chr5	96803595	-
chr19	2434491	-
chr19	49528482	+
chr3	50236362	+
chr1	229452553	-
chr1	32775814	-
chr5	17276739	+
chr17	40400345	-
chr9	129089032	+
chr2	186675681	+
chrX	153725470	+
chr15	84669652	-
chr17	77141042	+
chr17	2299018	-
chr16	2036848	+
chrX	141176575	-
chr12	112142187	+
chr14	102042049	+
chr17	5361350	+
chr17	35626631	+
chr10	114431334	-
chr22	49918766	+
chr5	177489490	-
chr11	6394903	+
chr11	86068988	-
chr19	2430819	-
chr1	108896945	+
chr2	241499266	-
chr9	136455729	-
chr9	137278768	+
chr8	23021363	-
chr14	22876167	+
chr3	179761177	+
chr17	3669563	+
chr10	22326495	+
chr4	25234097	+
chrX	11760497	+
chr3	52524686	-
chr12	51243789	+
chr9	111411081	-
chr9	71734853	-
chr9	120857804	-
chr1	153634314	+
chr9	5786541	-
chr15	83207604	-
chr3	48898816	-
chr20	647990	-
chr9	137459064	-
chr3	9785367	-
chr1	77741619	-
chr11	8911477	+
chr20	41174521	+
chrX	153862849	-
chr22	18088274	+
chr19	33387377	-
chr12	122604879	+
chr14	55148452	-
chr17	41822452	+
chr14	39103053	-
chr1	6185519	-
chr20	47209990	-
chr12	64714392	-
chr5	172951586	+
chr16	69463132	+
chr6	3019630	+
chr5	14769150	-
chr17	57680263	+
chr19	18169578	+
chr17	44352244	+
chr6	99369688	-
chr15	72735904	+
chr1	9729520	-
chr11	117227237	-
chr13	48090402	-
chr11	64770001	-
chr17	29551082	+
chr19	18928283	+
chr17	63799596	+
chr16	70538416	+
chr20	33853573	+
chr11	3827134	-
chr19	19356030	+
chr5	38479041	-
chr10	70114243	-
chr17	80823145	+
chr1	204405081	-
chr4	73098271	-
chr2	227328759	+
chr5	38523430	-
chr11	404596	+
chr5	75360108	+
chr12	125025300	+
chr2	20263240	-
chr17	42565743	+
chr14	102016370	+
chr1	214645415	+
chr4	107682091	-
chr5	75359300	+
chr17	82057319	+
chr17	40023234	-
chr20	33993904	+
chr3	138162396	-
chr20	43699874	+
chr20	49223404	+
chr15	52433280	-
chr19	15113852	+
chr19	3544203	-
chr20	51598043	-
chr9	33166812	-
chr1	26853818	+
chr3	139357535	-
chr8	67343635	-
chr2	101866428	+
chr4	1959608	+
chr12	6858568	+
chr5	150133961	-
chr3	52404544	-
chr9	128634691	-
chr17	28339424	+
chr1	32332091	+
chr1	37574390	-
chr1	39841552	-
chr1	110023167	+
chr17	81294935	-
chr16	48244497	+
chr7	100563942	+
chr17	41973629	+
chr8	23328398	-
chr1	91507893	+
chr9	35697740	-
chr1	183023567	+
chr17	57680016	+
chr1	154584070	-
chr9	72355624	-
chr20	35655265	-
chr19	4689659	-
chr9	93451481	-
chr14	54844096	-
chr4	1011793	+
chr1	119926609	-
chr7	151071259	+
chr2	219565483	-
chr17	35142042	-
chr16	367501	-
chr17	30272791	-
chr20	43463500	+
chr11	95068774	+
chr1	154936626	-
chr9	86035482	-
chr17	79834280	-
chr13	72745200	+
chr16	29806489	+
chr9	128102400	+
chr3	3129038	+
chr13	99385934	+
chr6	52684100	+
chr9	137200676	-
chr2	101022338	-
chr4	1855872	-
chr11	33768875	-
chr7	75066792	-
chr10	133279832	-
chr16	2976758	-
chr7	129834174	-
chr1	151366781	-
chr6	36686682	+
chr3	12583887	-
chr11	134224897	+
chr17	2690304	-
chr1	209629752	-
chr17	81935095	-
chr19	12924934	-
chr17	2694490	-
chr11	57796504	+
chr19	55383876	-
chr1	154584980	-
chr6	7584695	+
chr5	180575330	+
chr6	130890313	-
chr3	50331817	-
chr9	74952471	-
chr2	27622897	+
chr22	41529139	-
chr11	66868899	-
chr19	590078	+
chrX	19645474	-
chr8	27804186	+
chr5	163441179	+
chr19	5654373	+
chr2	37252244	-
chr1	202003267	+
chr14	21362809	-
chr19	40240055	-
chr4	5500296	+
chrX	21940738	+
chr9	33364714	+
chr1	231019799	-
chr14	22901331	-
chr1	29216106	-
chr17	9022955	+
chr17	12994801	-
chr22	43176349	-
chr1	151343369	-
chr3	38198725	+
chr1	23978221	-
chr8	28751495	+
chr22	19447501	-
chr19	19199176	+
chr11	47268263	+
chr2	235042923	+
chr14	102039701	+
chr11	119308934	-
chr1	154990459	+
chr1	214645512	+
chr3	127672779	+
chr10	42797508	+
chr1	43981425	+
chr17	16441752	+
chr1	88857316	-
chr17	5480523	-
chr20	33994112	+
chr2	69325988	-
chr2	85049529	+
chr6	131949339	-
chr10	94592421	+
chr17	62681098	+
chr4	41666606	+
chr15	51901973	+
chr2	223957592	+
chr6	44300474	-
chr12	82357072	-
chr1	43365356	-
chr19	49851201	+
chr1	204410187	-
chr2	54668463	+
chr19	14566839	-
chr17	75824292	+
chr19	49932434	+
chr5	40827133	-
chr2	46297761	+
chr19	16533083	-
chr1	1336148	-
chr2	135876352	-
chr1	161123104	-
chr1	224157732	+
chr11	46744031	-
chr4	4281876	-
chr7	30504734	-
chr1	176081268	-
chr6	21594801	+
chr17	42331500	-
chr22	35387003	+
chr7	29926512	-
chr19	2037679	-
chr1	21218183	-
chr2	38681295	+
chr14	75717874	+
chr19	10797493	+
chr1	21756688	-
chr5	150376430	+
chr16	56748306	+
chr12	110533969	-
chr8	143922745	-
chr14	22603392	+
chr1	77697394	-
chr17	41827568	-
chr11	67432774	+
chr3	4673376	+
chrX	75065082	-
chr6	57172562	+
chr19	48729371	-
chr11	102398304	-
chr12	48044573	-
chr4	153358581	+
chr19	40448011	-
chr22	50456291	-
chr16	768831	+
chr3	48566930	-
chr16	66696464	-
chr5	139680728	+
chr14	20996709	+
chr7	44579239	-
chr1	183124827	+
chr3	49012945	+
chr9	125484470	-
chr16	88630552	+
chr22	39517756	+
chr7	158829236	-
chr1	180154981	+
chr1	37807919	+
chr17	81868720	-
chr1	228082716	+
chr14	69209634	+
chr11	65584532	+
chr9	35077033	-
chr17	75318981	-
chr6	52502224	-
chr4	139344285	+
chr7	101210586	-
chr15	66548965	+
chr12	79690164	-
chr1	153963534	-
chr16	400234	+
chr3	138714478	-
chr19	7924794	-
chr3	126012666	-
chr12	131725599	+
chr6	47576542	+
chr3	12604169	-
chr2	26389909	+
chr11	64285220	+
chr16	30604432	-
chr1	1341723	-
chr9	120602409	-
chr5	146511231	+
chr14	102008304	+
chr16	29968112	+
chr5	134794914	+
chr11	59125057	+
chr19	15254193	-
chr3	107744661	+
chr9	137555392	-
chr5	163518919	+
chr6	7581480	+
chrX	47659134	-
chr14	102044682	+
chr5	102866171	+
chr12	56428621	-
chrX	48707582	+
chr7	2661673	+
chr20	33674329	-
chr11	46673337	+
chr6	79015088	-
chr5	141516212	-
chr15	66487253	+
chr11	59576693	-
chr11	46672265	+
chr1	50974087	+
chr5	163439505	+
chr14	103677434	+
chr1	185317054	-
chr7	102283957	+
chr17	41836096	-
chr7	66988351	-
chr10	110887727	+
chr19	7555275	+
chr1	23755959	+
chr11	34449196	+
chr1	44635574	+
chr18	51197408	-
chr3	9747333	+
chr2	24793164	-
chr1	206733345	+
chr17	81550479	-
chr17	82090505	-
chr13	20988784	-
chr20	57709654	-
chr12	1495287	+
chr22	17727603	+
chr19	16235230	+
chr7	5231328	+
chr14	64454818	+
chr22	36489334	-
chr11	62629246	-
chr22	50275722	-
chr16	717188	+
chr17	39988733	+
chr7	39950479	+
chr12	109559147	-
chr12	47686816	-
chr12	56155588	+
chr4	1799427	+
chr17	5024050	+
chr3	47635221	-
chr19	41860414	+
chr16	1788739	+
chr1	214330979	+
chr5	58972510	-
chr8	27672062	+
chr17	6450494	+
chr3	129255042	+
chr14	39181243	+
chr7	2541722	-
chr2	241495305	-
chr17	43016478	-
chrX	135021504	-
chr19	16532683	-
chr15	90878943	+
chr7	156684064	-
chr6	36985919	-
chr10	93516997	+
chr3	149656989	-
chr11	73365415	+
chr4	154535222	-
chr9	86036385	-
chr11	88294418	-
chr1	37808622	+
chr17	41811603	-
chr15	34906612	-
chr12	26979797	-
chr18	36031092	-
chr21	25769444	+
chr1	241885398	+
chr1	155965317	-
chr2	229793028	-
chr4	893436	-
chr1	54886901	-
chr20	62656483	+
chr12	53184963	+
chr1	37957341	-
chr17	7900662	+
chr3	47417169	-
chr18	59353271	-
chr2	224585145	-
chr15	89329017	-
chrX	7922011	-
chr20	58671252	+
chr7	6402525	+
chr11	214372	+
chr10	110596411	+
chr19	48795150	-
chr1	150324980	+
chr8	27672636	+
chr15	74851432	-
chr2	186590334	+
chr19	44820969	+
chr11	12937327	+
chr11	62629619	-
chr12	110281846	+
chr3	113795171	+
chr12	26067669	+
chr16	2972537	+
chr16	728135	+
chr9	125158304	-
chr11	62671727	-
chr16	88727136	-
chr11	67281502	+
chr1	32167170	+
chr11	17150519	-
chr11	120115385	-
chr14	100239339	+
chr22	30803128	+
chr1	36179973	+
chr4	26995486	+
chr3	50276843	+
chr12	101877738	+
chr2	70988357	-
chr20	62882309	-
chr22	29825143	-
chr22	42592048	-
chr6	113971069	-
chr3	4768593	+
chr4	154545853	-
chr5	141516641	-
chr9	137272216	+
chr17	42114928	-
chr1	42754875	-
chr12	55827476	-
chr19	12944489	+
chr7	680648	-
chr12	24814821	-
chr9	128288814	+
chr3	52406851	-
chr20	58713976	+
chr11	18090440	-
chr20	62854106	-
chr1	183114616	+
chr14	104026854	+
chr14	50909947	-
chr16	84101938	-
chr17	45112399	-
chr2	37277937	-
chr5	126804809	+
chr7	74529874	+
chr16	31508360	-
chr3	140941930	+
chr1	201872941	+
chr9	37498197	+
chr9	128190848	-
chr1	151340934	-
chr17	50105429	+
chr17	50549338	+
chr7	100430263	+
chr14	73931567	+
chr22	29804803	-
chr17	44932940	-
chr16	19521723	-
chr2	24799844	+
chr2	84971303	+
chr1	100082610	+
chr14	64742341	+
chr17	76353608	-
chr5	43612999	+
chr20	58418263	+
chr13	32536991	-
chr16	30768319	+
chr17	63800485	+
chr20	58694493	+
chr6	24719927	-
chr17	56913749	-
chr6	105377506	-
chr19	49341057	-
chr6	33780140	-
chr21	32338738	-
chr11	119310805	-
chr3	88058100	-
chr17	40029824	-
chr3	52696562	-
chr9	131120833	+
chr2	72891683	+
chr22	38864688	-
chr2	135868689	-
chr22	50275559	-
chr1	204464497	-
chr18	31548099	+
chr6	165940736	-
chr9	129638317	-
chr12	123621263	-
chr1	64841312	-
chr17	75874611	-
chr5	113349	+
chr17	75889531	-
chr9	134438916	+
chr3	28323042	-
chr15	83017338	-
chr7	2554398	-
chr2	127503506	-
chr9	137204852	-
chr17	78997619	-
chr17	81294825	-
chr3	150546246	-
chr9	136677020	-
chr9	125307468	+
chr3	120399903	-
chr8	94534965	-
chr16	86568971	+
chr11	8947419	-
chr17	3624202	-
chr11	126355769	+
chr18	47865086	-
chr5	177331690	-
chr5	178142924	+
chr19	15361780	-
chr7	29923382	-
chr9	35733408	+
chr5	150041876	+
chr3	12581943	+
chr1	71070977	-
chr19	39489944	+
chr1	77960251	-
chr20	58360426	+
chr11	12377661	+
chr17	75319876	-
chr4	523764	+
chr12	55902006	-
chr22	36489835	-
chr5	134900003	+
chr9	130854118	+
chr7	131501566	-
chr1	55064142	+
chr6	24653126	-
chr17	2694226	-
chr2	38744945	-
chr3	149750826	-
chr19	3204605	+
chr6	7583109	+
chr16	67231808	-
chr20	36240433	+
chr2	235034970	+
chr9	134774888	+
chr19	3496765	-
chr1	42926362	-
chr5	32712298	+
chr9	86946407	-
chr3	49044443	-
chr9	86013132	+
chr2	54599210	+
chrX	151623046	+
chr15	40651559	+
chr19	2115374	-
chr5	34832160	+
chr22	29793431	-
chr2	201632051	-
chr17	82735753	+
chr12	68696822	+
chr19	16132367	+
chr19	45518030	+
chr1	112701292	-
chr7	131500762	-
chr8	19405843	-
chr5	176530873	-
chr19	12897356	+
chr7	23273530	+
chr1	16132085	-
chr7	151081815	-
chr1	116536143	-
chr6	145805669	-
chr3	48575209	-
chrX	10567052	-
chr16	29804323	+
chr9	15510301	-
chr19	4446385	-
chr19	15115853	-
chr17	41836082	-
chr1	180196287	+
chr6	44422655	+
chr1	231039940	-
chr11	122655876	+
chr8	25391945	+
chr1	50705842	-
chr16	66619120	-
chr3	14447722	+
chr7	549414	-
chr19	35157486	+
chr17	59185460	+
chr10	92645517	+
chr12	47686893	-
chr5	154446697	+
chr1	225519330	-
chr19	45770039	-
chr8	61503438	-
chr22	50280508	-
chr8	56217429	+
chr3	49046560	-
chr5	71626677	+
chr2	232523776	+
chr15	56918817	+
chr13	113297317	+
chr19	44992837	+
chr1	55064278	+
chr9	120997697	-
chr16	50078840	+
chr20	62813078	+
chr15	58899496	-
chr9	127912566	-
chr14	49768493	+
chr17	32481893	+
chr3	53121781	-
chr10	31527182	+
chr17	59666166	+
chr1	180175957	+
chr9	108880055	-
chr20	396867	+
chr11	73976990	-
chr11	66288291	-
chr12	112153041	+
chr3	128620239	-
chr11	67441833	-
chr12	51116412	-
chr20	59193605	+
chr18	5406891	-
chr10	56358711	-
chr19	29615305	+
chr2	88735714	+
chr11	62726629	-
chr10	68166469	+
chr10	14520308	-
chr22	19392205	-
chr5	141578585	-
chr19	49793079	+
chr7	10990800	+
chr7	1473573	-
chr9	71684723	-
chr8	67058178	-
chr10	133394269	+
chr12	109460786	-
chr17	44351399	+
chr9	137168993	-
chr17	2438172	-
chr2	174682843	-
chr9	122819528	-
chr9	125232659	+
chr11	61341487	+
chr1	160093715	-
chr20	3786636	-
chr19	17319677	+
chr10	809755	-
chr8	96245878	-
chr9	34249857	+
chr1	945132	-
chr3	32238990	+
chr2	1654420	-
chr17	8121916	-
chr5	40746898	-
chr1	6634811	-
chr1	244864008	-
chr19	41302909	+
chr1	226250855	-
chr19	46787691	-
chr12	56434135	-
chr17	75516830	+
chr8	21982808	+
chr1	154601552	-
chr13	52662652	+
chr3	142838814	-
chr16	88804024	+
chr1	212791659	-
chr16	8848617	+
chr16	10533015	-
chr3	45476482	+
chr11	47470010	-
chr16	74630873	-
chr6	13814176	-
chr2	27037604	+
chr19	7932642	-
chr17	50863394	-
chr1	205715823	-
chr14	73712778	-
chr2	42328904	+
chr5	181205044	-
chr17	63752345	-
chr12	56418314	-
chr17	16068037	-
chr17	81720804	+
chr3	113784832	+
chr12	119194453	+
chr19	45770499	-
chr17	78997572	-
chr10	75233973	-
chr12	45961829	-
chr20	49223420	+
chr20	62840678	+
chrX	154438606	+
chr16	70530801	+
chr8	18067234	-
chr16	84054490	-
chr16	674130	+
chr1	32741869	+
chr1	35192471	-
chr9	125207612	+
chr1	35192868	-
chr6	44229654	+
chr16	29809563	+
chr1	231421146	-
chr16	352508	-
chr2	3189285	-
chr3	47121665	-
chr1	113706603	-
chr13	24500323	-
chr17	17817267	-
chr11	72293412	-
chr11	6612053	-
chr17	41821810	+
chr12	110373515	-
chr19	48382893	-
chr22	44493615	-
chr9	132263385	-
chr19	15255551	-
chrX	53565080	-
chr9	137185037	-
chr17	3669629	+
chr10	128107606	-
chr5	58457222	-
chr17	2684038	+
chr13	110512203	+
chr1	153646098	+
chr12	106973592	+
chr15	24978286	+
chr17	81546996	-
chr17	76737321	-
chr3	72929256	+
chr2	219568272	-
chr17	19357900	-
chr22	29695287	+
chr2	84841977	-
chr7	151234272	+
chr6	33776966	-
chr3	51936298	-
chr13	38361748	+
chr8	38253077	+
chr2	181916261	+
chr2	75706647	-
chr14	77320779	-
chrX	53589579	-
chr4	1026348	+
chr15	44289290	+
chr12	131895662	+
chr20	62352359	-
chr19	40374515	+
chr6	166342460	-
chr20	3804642	+
chr2	74365080	-
chr8	23360204	-
chr9	87012187	+
chr8	143929960	-
chrX	47567052	+
chr5	40746902	-
chr4	1822195	-
chr19	10832631	-
chr16	88733619	-
chr16	88824769	-
chr10	74095724	+
chr3	47670681	-
chr1	231040032	-
chr2	53888736	-
chr1	151166503	+
chr17	57006347	+
chr5	177454960	+
chr1	15410187	+
chr22	45197912	-
chr19	7922078	+
chr11	95790621	+
chr20	3785848	-
chr19	15264627	-
chr17	80965722	+
chr17	82239481	+
chr20	3800491	+
chr3	9384695	+
chr1	224401003	-
chr4	77164381	+
chr19	14471717	+
chr3	126015546	-
chr12	121423554	+
chr18	5406876	-
chr17	82057284	+
chr19	4124089	-
chr3	100364665	-
chr15	78292624	-
chr18	24239304	-
chr10	5649032	-
chrX	153688236	+
chr20	62946169	+
chr10	87756860	-
chr5	39372091	-
chr22	41515413	+
chr12	13000060	-
chr14	101983436	+
chr5	150375161	+
chr7	1541552	+
chr3	48296803	-
chr5	75359402	+
chr19	13105007	-
chr5	132594886	+
chr8	23297659	-
chr11	1753106	-
chr15	89294978	+
chr1	248848066	+
chr3	191358016	+
chr4	6709658	-
chr7	1478414	-
chr5	172951041	+
chr1	150344438	+
chr20	11925845	+
chr7	45073523	+
chr10	87727417	+
chrX	71559603	+
chr6	88890556	-
chr9	137108424	+
chr5	176905320	-
chr13	111300828	+
chr10	35570813	+
chr20	62201692	+
chr19	44871926	+
chr11	34916772	+
chr11	35620156	+
chr19	6381759	-
chr15	34980843	-
chr17	76726491	-
chr15	74854618	-
chr15	67202694	-
chr9	116700369	+
chr9	128261507	-
chr1	10467192	-
chr22	46690008	-
chrX	129921307	+
chr1	53280642	-
chr6	137204455	-
chr8	26647740	+
chr19	1981063	+
chr11	64371908	+
chr17	66741662	+
chr19	17338223	+
chr14	23078923	-
chr17	82048344	-
chr1	150965565	-
chr9	129809441	+
chr7	151066687	+
chr17	50056412	+
chr1	44214816	+
chr16	57121721	+
chr3	129589451	-
chr3	9470830	+
chr15	66781034	+
chr1	10130798	+
chr19	18177233	+
chr16	206108	-
chr9	128822505	+
chr7	73536884	-
chr1	23976989	-
chr2	112564475	+
chr1	151993845	-
chr3	49683079	+
chr9	127692412	+
chr7	157138986	+
chr6	119178940	-
chr19	7925431	-
chr6	96891236	-
chr12	98534287	+
chr14	77597292	-
chr20	63935007	+
chr5	146229804	+
chr3	9374554	+
chr19	16525499	-
chr1	1313751	-
chr5	150648181	+
chr2	71148057	+
chr19	44748915	+
chr4	6923642	+
chr17	79757347	-
chr13	113087757	+
chr2	241633232	-
chr3	190120513	-
chr2	224001813	-
chr1	1055549	+
chr4	143534879	+
chr20	25407881	+
chr7	149879459	+
chr3	197044364	-
chr3	49510482	+
chr14	77025612	-
chr16	67481026	-
chr9	87728292	+
chr15	88630159	+
chr17	39729479	-
chr20	45410137	+
chr11	67257867	+
chr19	2233478	-
chr1	206599541	-
chr20	63701884	-
chr12	38677543	-
chr20	62203302	+
chr20	58694507	+
chr11	118655648	+
chr4	2514722	+
chr1	77722066	-
chr7	130554706	-
chr1	193022964	-
chr9	68940660	+
chr19	19194125	+
chr19	7561695	+
chr2	117949374	-
chr5	14508287	+
chr1	36355398	-
chr16	89490461	-
chr9	128604412	+
chr10	100200013	-
chr17	44857106	-
chr22	29328891	-
chr16	89596820	+
chr6	26124311	+
chr6	36855760	-
chr16	2177935	+
chr9	137301740	-
chr10	74097265	+
chr12	120095969	-
chr19	8403993	+
chr1	1046007	+
chr19	13138984	+
chrX	154366426	-
chr2	170948394	+
chr15	90959936	+
chr12	38653731	-
chr5	31538553	+
chr1	155134406	+
chr9	15510305	-
chr1	43621206	+
chrX	71575263	+
chr1	246541182	-
chr14	52859711	-
chr17	29285997	-
chr5	141584148	-
chr17	3663801	-
chr6	7727316	+
chr1	150942607	+
chr11	396898	+
chr14	67316901	+
chr17	32469108	+
chr1	74724731	-
chr12	120144337	-
chr20	62387317	+
chr4	163166778	-
chr8	30703155	-
chr5	5466453	+
chr19	47740920	+
chr13	31136900	-
chr4	107654825	-
chr12	68839682	+
chr5	160404878	-
chr5	176359527	-
chr12	120737464	+
chr1	180175974	+
chr2	36537490	+
chr22	37024463	+
chr7	158733963	-
chr5	154451177	+
chr10	22320017	+
chr9	133058308	+
chr9	35699117	-
chr22	29260780	-
chr5	154057147	+
chr16	19116401	+
chr1	198157073	+
chr11	75405688	+
chr9	136475541	-
chr8	23261582	+
chr7	100435639	-
chr10	74107254	+
chr5	434139	+
chr1	151343849	-
chr1	212791667	-
chr3	129557160	-
chr5	150709986	-
chr16	28905024	-
chr19	40233452	-
chr17	41755038	-
chr2	85401531	-
chr22	41603317	-
chr13	76986554	+
chr1	924456	+
chr13	72778345	-
chr5	157806021	-
chr5	111499232	-
chr1	32741868	+
chr11	68609985	+
chr6	7389949	+
chr1	1336315	-
chr11	72235434	+
chr6	7575409	+
chr7	102178565	+
chr9	137108847	+
chr16	67198204	+
chr19	48389582	-
chr14	105465141	+
chr14	103558503	-
chr5	14581861	+
chr22	21643006	+
chr17	82726912	+
chr19	3961134	-
chr10	114435716	-
chr17	9891456	+
chr6	158765749	-
chr9	131482425	+
chr19	10923513	-
chr1	158093657	+
chr4	75950413	-
chr22	37772688	+
chr7	76005279	-
chr10	60888612	-
chr3	4706190	+
chr2	28912622	+
chr7	6608617	+
chr9	128340737	+
chr16	2175896	+
chr4	932212	-
chr17	78359072	-
chr1	44650964	+
chr3	134366385	-
chr19	10151773	-
chr17	7910478	+
chr17	42842473	+
chr16	89288649	-
chr1	35565373	+
chr19	3208543	+
chr20	32331753	+
chr14	34434666	-
chr1	116399051	+
chr19	519611	+
chr17	59839995	+
chr1	230425843	-
chr16	2896590	+
chr1	220062885	-
chr11	47415978	+
chr21	42850074	-
chr7	102472744	+
chr16	370085	-
chr18	50284042	-
chr9	35706242	-
chr9	130885343	+
chr10	110584305	+
chr11	64165912	-
chr7	45920862	-
chr1	220089748	-
chr10	133285159	-
chr4	39778571	+
chr4	17509274	-
chr14	102010861	+
chr17	7900376	+
chr11	3702692	-
chr11	71434645	-
chr20	37518957	-
chr9	120860095	-
chr17	38914473	+
chr12	108645260	-
chr20	57709864	-
chr4	158709752	-
chr19	10562769	-
chr4	143526294	+
chr9	33342797	+
chr17	66809813	+
chr22	19142802	-
chr5	16710941	-
chr20	57407990	+
chr6	1390355	+
chrX	136510217	+
chr1	224389603	-
chr16	11761468	-
chr5	109337343	-
chr3	38165710	+
chr18	54224102	-
chr5	150521002	+
chr22	31104862	-
chr22	43167244	-
chr12	10159809	-
chr17	5443845	-
chr5	87408059	-
chr7	6164876	-
chr17	75904714	-
chr1	245915545	-
chr1	1231569	-
chr2	27309764	-
chr19	18992801	-
chr1	183124705	+
chr11	399181	+
chr4	2908601	+
chrX	154487716	-
chr1	1754097	-
chr19	34493578	+
chr4	127801188	+
chr12	82354508	-
chr9	113374439	-
chr17	61946446	-
chr16	23572701	+
chr17	50357115	+
chr20	62945124	+
chr22	38750282	-
chr4	8606751	+
chr17	7592807	-
chr10	119932163	+
chr20	57709840	-
chr3	50274025	+
chr16	47596464	+
chr9	128970804	+
chr18	21741461	+
chr16	56367446	-
chr16	30423948	-
chr9	136940953	-
chr14	99604016	-
chr7	158689906	-
chr8	143915454	-
chr16	67883569	+
chr5	140695580	+
chr6	149837394	-
chr3	15050410	-
chr9	128437107	+
chr16	58588892	-
chr3	100365645	-
chr8	102280397	-
chr3	11557196	-
chr17	28339671	+
chr17	75889479	-
chr1	46279221	-
chr15	75609924	-
chr2	181922242	+
chr9	124339632	+
chr17	28327528	+
chr1	153661604	+
chr22	37496485	-
chr5	139623400	+
chr1	206733544	+
chr5	37022271	+
chr3	50273922	+
chr17	17793024	+
chr10	74082539	+
chr2	135876357	-
chr6	7726677	+
chr14	58234745	+
chr19	14480634	-
chr6	41099102	+
chr14	102015990	+
chr9	71911730	+
chr3	39098424	-
chr19	39480953	+
chr1	100266587	+
chr17	62666239	+
chr14	75009463	+
chr20	32235719	+
chr1	43363690	-
chr6	4935717	+
chr7	135165960	-
chr22	29341591	-
chr9	128309769	-
chr11	71447703	-
chr7	43640584	-
chr1	211572710	-
chr3	33144268	+
chr16	672790	+
chr19	55455763	-
chr11	119097218	-
chr7	2433308	+
chrX	154010560	-
chr3	58171768	+
chr16	88722656	-
chr3	57270400	+
chr3	9445722	+
chr16	11915815	-
chr7	56079839	+
chr9	83679818	-
chr14	92157671	+
chr3	58149904	+
chr13	26215463	-
chr7	135644964	+
chr15	68290371	+
chr7	10982681	+
chr4	2882020	+
chr12	10222302	+
chr1	214332103	+
chr21	44321860	+
chr11	71996924	+
chr11	65426286	+
chr14	95544629	+
chr1	225921554	-
chr16	28869334	+
chr7	44490428	-
chr6	7726272	+
chr9	122144108	-
chr9	128325789	+
chr2	65018134	+
chr1	209623166	-
chrX	54561071	+
chr5	435350	+
chr17	7221618	+
chr1	179085674	+
chr15	90942465	+
chr20	62948140	+
chr17	40818837	-
chr11	67071954	+
chr16	68299857	+
chr4	39288814	-
chr9	33246641	+
chr9	123090365	+
chr3	15206369	+
chr21	33554282	+
chr17	44210855	-
chr19	757318	+
chr1	155057961	+
chr10	3167028	-
chr17	44959969	-
chr2	191424463	+
chr16	89557523	+
chr7	100431383	+
chr10	87714113	+
chr16	23570988	+
chr6	41935677	-
chr8	22248484	+
chr1	160213930	+
chr4	22402772	-
chr9	33369928	+
chr19	5600137	-
chr22	50290538	-
chr22	38297878	-
chr6	43018546	+
chr12	54237708	-
chr6	44303097	-
chr6	21594089	+
chr22	41216229	+
chr17	31873456	-
chr12	54351714	+
chr19	42240030	-
chr2	46385450	+
chr17	744944	-
chr1	153618812	-
chr2	74369323	-
chr10	104020512	+
chr1	207091775	+
chrX	53412222	-
chr20	17607440	+
chr17	75848613	-
chr19	45414930	-
chr12	67306024	+
chr17	40022000	-
chr1	44220288	+
chr7	135166225	-
chr11	47165442	-
chr19	48330343	+
chr9	34241872	+
chr7	158741695	-
chr12	124947093	-
chr7	6461150	-
chr12	8681754	+
chr3	52527360	-
chr7	761865	+
chr17	18930771	+
chr11	33085192	-
chr2	182982880	-
chr1	6581230	+
chr4	2881998	+
chr1	246556576	-
chr16	68053619	+
chrX	111681215	+
chr4	7768858	-
chr7	44571595	-
chr14	73950386	+
chr10	97334126	-
chrX	53552719	-
chr2	1649445	-
chr19	10561686	-
chr7	44802800	+
chr2	177231451	-
chr18	724622	-
chr19	16226450	+
chr16	11549370	-
chr12	6329613	-
chr8	66429482	+
chr19	49793005	+
chr11	720690	+
chr15	43805235	-
chr4	75801088	+
chr7	21906408	-
chr11	1759550	-
chr19	1244797	+
chr1	225501057	-
chr15	74902718	-
chr3	25664522	-
chr12	120116636	-
chr16	30117206	-
chr5	96662384	+
chr11	60899158	-
chr5	31508718	-
chr9	128823836	-
chr10	93316805	-
chr17	81691455	+
chr14	103465641	+
chr5	16473518	-
chr14	55051777	+
chr3	31579816	+
chr9	128355129	+
chr13	110914890	-
chr22	39529363	-
chr22	27853397	-
chr1	55046585	+
chr12	118031621	+
chr7	127929246	+
chr16	89694708	+
chr9	134158392	+
chr9	128163633	+
chr11	12513334	+
chr21	33554438	+
chr20	56369652	-
chr2	135784413	+
chr9	134429194	+
chr20	58895059	+
chr17	43774840	-
chr6	5260659	-
chr5	180236035	-
chr12	118151125	-
chr12	108648635	-
chr16	84329424	+
chr10	68771259	+
chr9	120471861	-
chr6	53273256	-
chr8	23333548	-
chr2	27664571	+
chr9	136837892	+
chr4	1720784	-
chr16	57664058	+
chr5	467086	+
chr19	19506796	+
chr7	2542174	-
chr19	45420350	-
chr2	241653584	+
chr15	99258604	+
chr11	125602387	+
chr5	138160168	-
chr19	2429149	-
chr12	21476917	-
chr11	60923040	+
chr19	3546280	-
chr1	26170050	+
chr3	179333397	+
chr15	74956500	-
chr12	120178894	-
chr2	219209997	-
chr6	42989628	+
chr12	52191885	-
chr19	1244556	+
chr4	2939280	-
chr19	17943529	+
chr1	119935524	-
chr5	95898537	-
chr5	31401391	-
chr11	67498720	-
chr11	726362	+
chrX	23858703	-
chr10	93496874	+
chrX	69162974	-
chr2	26137051	+
chr15	78289709	-
chr19	55641180	+
chr4	6277477	+
chr2	10396908	+
chr20	31760121	+
chr20	44521970	-
chr20	13715026	-
chr14	67345836	-
chr4	82829055	-
chr17	1518739	-
chrX	53589725	-
chr1	21238158	-
chr9	137200244	-
chr15	78044975	-
chr13	110879210	-
chr9	136410229	-
chr15	64414131	+
chr12	49565551	-
chr14	88574817	+
chr12	122316808	-
chr22	39377698	+
chr9	131496068	+
chr11	47415156	+
chr1	234608704	-
chr12	67269542	+
chr6	7862365	+
chr13	39687529	+
chr7	157207774	+
chr5	177513821	-
chr17	76087666	-
chr4	2882001	+
chr2	156549618	+
chr10	70152512	-
chr17	16139038	-
chrX	12799258	+
chr4	139678614	+
chr5	32712074	+
chr5	109336204	-
chr5	141515111	-
chr20	58667490	+
chr8	23017580	+
chr9	122392516	+
chr1	11087870	-
chr16	71928505	+
chr3	47610073	-
chr11	769183	-
chr8	38997047	+
chr16	89739543	+
