ref	pos	strand	u	d	ur	pval	passed
ENST00000445817.1|ENSG00000234277.4|OTTHUMG00000037611.2|OTTHUMT00000091688.1|LINC01641-202|LINC01641|1971|	1927	+	2	535	0.003738317757009346	0.6182225350530192	false
ENST00000452431.5|ENSG00000293616.2|OTTHUMG00000153728.26|OTTHUMT00000329620.3|PCBP1-AS1-248|PCBP1-AS1|1194|	191	-	1	73	0.0136986301369863	0.2484851548162772	false
ENST00000502999.2|ENSG00000248839.2|OTTHUMG00000160039.1|OTTHUMT00000358977.1|ENST00000502999|ENSG00000248839|947|	338	-	0	60	0.0	1.0	false
ENST00000625256.1|ENSG00000280927.1|OTTHUMG00000189534.1|OTTHUMT00000479923.1|CTBP1-AS-201|CTBP1-AS|3886|	710	-	15	409	0.03667481662591687	1.5702659889226702e-10	true
ENST00000500031.1|ENSG00000245748.2|OTTHUMG00000159982.1|OTTHUMT00000358686.1|ENST00000500031|ENSG00000245748|4300|	2897	-	0	160	0.0	1.0	false
ENST00000606994.3|ENSG00000272086.3|OTTHUMG00000185453.1|OTTHUMT00000470550.1|GOLPH3-DT-201|GOLPH3-DT|1926|	104	-	5	234	0.021367521367521368	0.0024325037634078573	false
ENST00000691329.2|ENSG00000289375.2|-|-|ENST00000691329|ENSG00000289375|1855|	172	-	0	109	0.0	1.0	false
ENST00000827816.1|ENSG00000226803.10|OTTHUMG00000014917.6|-|ZNF451-AS1-228|ZNF451-AS1|1061|	13	-	9	54	0.16666666666666666	9.596986910656104e-13	true
ENST00000772791.1|ENSG00000300574.1|-|-|ENST00000772791|ENSG00000300574|1605|	594	+	1	195	0.005128205128205128	0.5337698638546042	false
ENST00000790494.1|ENSG00000273055.2|OTTHUMG00000186301.1|-|ENST00000790494|ENSG00000273055|335|	24	-	0	140	0.0	1.0	false
ENST00000848559.1|ENSG00000310253.1|-|-|ENST00000848559|ENSG00000310253|1350|	616	+	2116	6025	0.3512033195020747	0.0	true
ENST00000550043.1|ENSG00000293235.1|-|OTTHUMT00000408770.1|ENST00000550043|ENSG00000293235|1585|	730	+	6	116	0.05172413793103448	7.292612443276947e-6	true
ENST00000778697.1|ENSG00000301403.1|-|-|ENST00000778697|ENSG00000301403|1375|	84	-	91	1802	0.050499445061043285	1.279622983691282e-67	true
ENST00000563103.1|ENSG00000260035.1|OTTHUMG00000172834.1|OTTHUMT00000420790.1|ENST00000563103|ENSG00000260035|308|	219	+	20	52	0.38461538461538464	7.62505913488689e-35	true
ENST00000531523.4|ENSG00000255198.7|OTTHUMG00000166082.2|OTTHUMT00000387781.1|SNHG9-201|SNHG9|712|	37	-	191	1056	0.18087121212121213	7.007717606238295e-247	true
ENST00000531523.4|ENSG00000255198.7|OTTHUMG00000166082.2|OTTHUMT00000387781.1|SNHG9-201|SNHG9|712|	38	-	94	1022	0.09197651663405088	9.84644495070135e-94	true
ENST00000537889.2|ENSG00000290391.2|-|OTTHUMT00000398420.1|ENST00000537889|ENSG00000290391|1758|	1647	+	13	41	0.3170731707317073	7.829359241128448e-22	true
ENST00000591758.1|ENSG00000293016.1|-|OTTHUMT00000460612.1|ENST00000591758|ENSG00000293016|566|	547	+	14	525	0.02666666666666667	3.48861548233001e-8	true
ENST00000690855.2|ENSG00000289252.2|-|-|ENST00000690855|ENSG00000289252|1640|	385	-	25	338	0.07396449704142012	8.284114963594227e-24	true
ENST00000582965.4|ENSG00000266402.6|OTTHUMG00000178880.1|OTTHUMT00000443742.1|SNHG25-202|SNHG25|1068|	477	+	25	575	0.043478260869565216	2.9242552363041854e-18	true
ENST00000576554.1|ENSG00000262413.1|OTTHUMG00000177881.1|OTTHUMT00000439448.1|ENST00000576554|ENSG00000262413|565|	445	-	18	255	0.07058823529411765	3.2649415291782835e-17	true
ENST00000591657.1|ENSG00000267484.1|OTTHUMG00000180510.1|OTTHUMT00000451703.1|ENST00000591657|ENSG00000267484|511|	202	-	8	164	0.04878048780487805	3.440361166378663e-7	true
ENST00000652221.2|ENSG00000293485.2|-|OTTHUMT00000499618.2|SERHL-205|SERHL|2459|	1359	-	2	92	0.021739130434782608	0.05067195723654045	false
ENST00000569274.1|ENSG00000260465.1|OTTHUMG00000173475.1|OTTHUMT00000423238.1|ENST00000569274|ENSG00000260465|1790|	99	-	0	240	0.0	1.0	false
ENST00000446022.1|ENSG00000224729.7|OTTHUMG00000156674.3|OTTHUMT00000345284.1|PCOLCE-AS1-202|PCOLCE-AS1|456|	95	-	0	152	0.0	1.0	false
ENST00000577746.1|ENSG00000266872.1|OTTHUMG00000179258.1|OTTHUMT00000445491.1|ENST00000577746|ENSG00000266872|656|	489	-	0	45	0.0	1.0	false
ENST00000848839.1|ENSG00000287933.2|OTTHUMG00000195594.1|-|ENST00000848839|ENSG00000287933|1536|	634	+	0	210	0.0	1.0	false
ENST00000568997.5|ENSG00000213599.10|OTTHUMG00000048084.2|OTTHUMT00000434086.1|SLX1A-SULT1A3-205|SLX1A-SULT1A3|2834|	204	+	2	44	0.045454545454545456	0.012942692719940658	false
ENST00000548595.1|ENSG00000257553.1|OTTHUMG00000170262.1|OTTHUMT00000408229.1|ENST00000548595|ENSG00000257553|434|	100	-	0	137	0.0	1.0	false
ENST00000599676.1|ENSG00000269243.1|OTTHUMG00000182239.1|OTTHUMT00000460194.1|ENST00000599676|ENSG00000269243|1027|	926	-	1	170	0.0058823529411764705	0.4858527969119333	false
ENST00000586076.1|ENSG00000267801.1|OTTHUMG00000179917.1|OTTHUMT00000448941.1|ENST00000586076|ENSG00000267801|3175|	1852	-	0	174	0.0	1.0	false
ENST00000715290.1|ENSG00000230337.5|OTTHUMG00000002122.1|-|EXOSC10-AS1-205|EXOSC10-AS1|2401|	1747	-	0	143	0.0	1.0	false
ENST00000736664.1|ENSG00000296127.1|-|-|ENST00000736664|ENSG00000296127|696|	106	-	2	36	0.05555555555555555	0.00879873085341949	false
ENST00000429761.2|ENSG00000228925.2|OTTHUMG00000153091.2|OTTHUMT00000329487.2|ENST00000429761|ENSG00000228925|1874|	1036	-	8	81	0.09876543209876543	1.3513396887702412e-9	true
ENST00000815313.1|ENSG00000306099.1|-|-|ENST00000815313|ENSG00000306099|392|	274	-	0	152	0.0	1.0	false
ENST00000688886.1|ENSG00000289006.1|-|-|ENST00000688886|ENSG00000289006|2090|	1994	+	0	171	0.0	1.0	false
ENST00000603791.1|ENSG00000270504.2|OTTHUMG00000185108.1|OTTHUMT00000469606.1|ENST00000603791|ENSG00000270504|2761|	505	-	8	119	0.06722689075630252	2.888585150600663e-8	true
ENST00000745810.1|ENSG00000297142.1|-|-|ENST00000745810|ENSG00000297142|958|	518	-	19	177	0.10734463276836158	1.5083580546248221e-21	true
ENST00000623414.1|ENSG00000279569.1|OTTHUMG00000177024.1|OTTHUMT00000434930.1|ENST00000623414|ENSG00000279569|4170|	2297	-	5	71	0.07042253521126761	9.547130470030111e-6	true
ENST00000603791.1|ENSG00000270504.2|OTTHUMG00000185108.1|OTTHUMT00000469606.1|ENST00000603791|ENSG00000270504|2761|	537	-	0	191	0.0	1.0	false
ENST00000485974.1|ENSG00000244151.1|OTTHUMG00000158693.1|OTTHUMT00000351765.1|ENST00000485974|ENSG00000244151|1230|	459	-	30	281	0.10676156583629894	4.767733189642755e-33	true
ENST00000786433.1|ENSG00000302407.1|-|-|ENST00000786433|ENSG00000302407|474|	84	-	0	96	0.0	1.0	false
ENST00000566537.1|ENSG00000259952.1|OTTHUMG00000177140.1|OTTHUMT00000435555.1|ENST00000566537|ENSG00000259952|547|	3	-	0	66	0.0	1.0	false
ENST00000745832.1|ENSG00000235837.2|OTTHUMG00000152479.1|-|ENST00000745832|ENSG00000235837|500|	254	-	4	379	0.010554089709762533	0.0628169855669512	false
ENST00000622994.1|ENSG00000279504.1|OTTHUMG00000181750.1|OTTHUMT00000457455.1|ENST00000622994|ENSG00000279504|785|	499	-	1	100	0.01	0.3238369140999711	false
ENST00000609765.1|ENSG00000273090.1|OTTHUMG00000185847.1|OTTHUMT00000471501.1|ENST00000609765|ENSG00000273090|478|	133	-	1	169	0.005917159763313609	0.483836889272274	false
ENST00000593791.1|ENSG00000268983.1|OTTHUMG00000183109.1|OTTHUMT00000465112.1|KXD1-AS1-201|KXD1-AS1|432|	317	-	47	325	0.14461538461538462	2.976301872940744e-57	true
ENST00000579126.5|ENSG00000265257.5|OTTHUMG00000179147.1|OTTHUMT00000444985.1|ENST00000579126|ENSG00000265257|914|	432	+	1	186	0.005376344086021506	0.5170571832255737	false
ENST00000550043.1|ENSG00000293235.1|-|OTTHUMT00000408770.1|ENST00000550043|ENSG00000293235|1585|	592	+	0	84	0.0	1.0	false
ENST00000550468.2|ENSG00000258232.2|OTTHUMG00000169513.2|OTTHUMT00000404559.2|ENST00000550468|ENSG00000258232|680|	9	-	1	177	0.005649717514124294	0.4997454128506137	false
ENST00000746420.1|ENSG00000297241.1|-|-|ENST00000746420|ENSG00000297241|557|	373	-	1	148	0.006756756756756757	0.43962834819457397	false
ENST00000625094.1|ENSG00000279035.1|OTTHUMG00000179347.1|OTTHUMT00000445864.1|ENST00000625094|ENSG00000279035|2161|	762	-	1	145	0.006896551724137931	0.4330110262095028	false
ENST00000535867.1|ENSG00000256690.2|OTTHUMG00000167742.1|OTTHUMT00000396001.1|STX5-DT-202|STX5-DT|557|	98	-	0	189	0.0	1.0	false
ENST00000589360.1|ENSG00000267436.1|OTTHUMG00000181924.1|OTTHUMT00000458321.1|MFSD12-AS1-201|MFSD12-AS1|565|	5	-	10	165	0.06060606060606061	1.4868274694252197e-9	true
ENST00000541383.1|ENSG00000256364.1|OTTHUMG00000169200.1|OTTHUMT00000402855.1|ENST00000541383|ENSG00000256364|575|	440	-	3	135	0.022222222222222223	0.016302144457762496	false
ENST00000569969.5|ENSG00000261067.7|OTTHUMG00000176707.1|OTTHUMT00000433224.1|ENST00000569969|ENSG00000261067|5296|	827	+	1	106	0.009433962264150943	0.33952779624497653	false
ENST00000674004.1|ENSG00000272620.2|OTTHUMG00000186238.2|OTTHUMT00000529924.1|AFAP1-AS1-202|AFAP1-AS1|5444|	1776	-	2	205	0.00975609756097561	0.19129714922244564	false
ENST00000633719.1|ENSG00000292982.2|-|OTTHUMT00000475086.2|WASH5P-209|WASH5P|4412|	2790	+	0	13	0.0	1.0	false
ENST00000848405.1|ENSG00000310217.1|-|-|ENST00000848405|ENSG00000310217|916|	516	-	4	138	0.028985507246376812	0.0022208214597244347	false
ENST00000595655.1|ENSG00000268149.1|OTTHUMG00000182573.1|OTTHUMT00000462472.1|ENST00000595655|ENSG00000268149|438|	393	-	3	74	0.04054054054054054	0.003140246818496359	false
ENST00000555043.2|ENSG00000258377.2|OTTHUMG00000170874.1|OTTHUMT00000410795.1|ENST00000555043|ENSG00000258377|2535|	2157	-	0	146	0.0	1.0	false
ENST00000839360.1|ENSG00000258325.3|-|-|ITFG2-AS1-237|ITFG2-AS1|743|	502	-	0	106	0.0	1.0	false
ENST00000606596.1|ENSG00000272256.1|OTTHUMG00000185429.1|OTTHUMT00000470512.1|ENST00000606596|ENSG00000272256|710|	122	-	0	261	0.0	1.0	false
ENST00000577678.1|ENSG00000265415.1|OTTHUMG00000179364.1|OTTHUMT00000445959.1|PRR11-AS1-201|PRR11-AS1|321|	90	-	0	43	0.0	1.0	false
ENST00000710364.1|ENSG00000292256.1|-|-|ENST00000710364|ENSG00000292256|589|	130	+	1	19	0.05263157894736842	0.07165420003634047	false
ENST00000723360.1|ENSG00000294400.1|-|-|ENST00000723360|ENSG00000294400|2236|	522	-	0	260	0.0	1.0	false
ENST00000756409.1|ENSG00000245748.2|OTTHUMG00000159982.1|-|ENST00000756409|ENSG00000245748|1445|	1403	-	0	154	0.0	1.0	false
ENST00000540502.2|ENSG00000290394.3|-|OTTHUMT00000398569.1|PKD1P6-NPIPP1-206|PKD1P6-NPIPP1|6144|	97	+	4	138	0.028985507246376812	0.0022208214597244347	false
ENST00000419300.3|ENSG00000204054.15|OTTHUMG00000020783.66|OTTHUMT00000106519.3|LINC00963-202|LINC00963|9557|	2327	+	19	140	0.1357142857142857	1.522650139645161e-23	true
ENST00000794528.1|ENSG00000303439.1|-|-|ENST00000794528|ENSG00000303439|391|	9	-	30	1244	0.024115755627009645	1.064529349616703e-14	true
ENST00000780342.1|ENSG00000280441.4|OTTHUMG00000189419.3|-|ENST00000780342|ENSG00000280441|975|	83	+	0	44	0.0	1.0	false
ENST00000607014.1|ENSG00000272345.1|OTTHUMG00000185688.1|OTTHUMT00000470997.1|ENST00000607014|ENSG00000272345|887|	137	-	1	199	0.005025125628140704	0.5410108702212869	false
ENST00000437417.5|ENSG00000293508.2|-|OTTHUMT00000076182.3|POLR1HASP-282|POLR1HASP|1497|	182	-	1	113	0.008849557522123894	0.35737421573307526	false
ENST00000566287.1|ENSG00000261641.2|OTTHUMG00000176553.1|OTTHUMT00000432521.1|ENST00000566287|ENSG00000261641|1124|	422	-	15	47	0.3191489361702128	5.0151547492051585e-25	true
ENST00000566537.1|ENSG00000259952.1|OTTHUMG00000177140.1|OTTHUMT00000435555.1|ENST00000566537|ENSG00000259952|547|	332	-	16	549	0.029143897996357013	1.0822042332697106e-9	true
ENST00000572067.1|ENSG00000263126.1|OTTHUMG00000177492.1|OTTHUMT00000437175.1|ENST00000572067|ENSG00000263126|3907|	1907	+	0	148	0.0	1.0	false
ENST00000540866.2|ENSG00000256028.2|OTTHUMG00000168770.1|OTTHUMT00000400991.1|ENST00000540866|ENSG00000256028|5618|	5420	+	8	337	0.02373887240356083	0.0000659959433076741	true
ENST00000565181.1|ENSG00000261423.4|OTTHUMG00000173055.1|OTTHUMT00000421959.1|TMEM202-AS1-202|TMEM202-AS1|2325|	616	-	0	58	0.0	1.0	false
ENST00000562538.1|ENSG00000260246.1|OTTHUMG00000172930.1|OTTHUMT00000421369.1|ENST00000562538|ENSG00000260246|491|	248	-	10	500	0.02	0.00003601709660687429	false
ENST00000624094.1|ENSG00000280143.1|OTTHUMG00000167068.1|OTTHUMT00000392880.1|ENST00000624094|ENSG00000280143|5326|	4026	-	2	37	0.05405405405405406	0.009277568013238145	false
ENST00000784178.1|ENSG00000293178.2|-|-|ENST00000784178|ENSG00000293178|2913|	2787	+	0	265	0.0	1.0	false
ENST00000716086.1|ENSG00000288887.3|OTTHUMG00000194457.1|-|ENST00000716086|ENSG00000288887|3456|	1414	-	3	129	0.023255813953488372	0.014454437920513616	false
ENST00000816268.1|ENSG00000306206.1|-|-|ENST00000816268|ENSG00000306206|617|	60	-	5	549	0.009107468123861567	0.06622014843954109	false
ENST00000688369.3|ENSG00000249572.4|OTTHUMG00000162003.1|-|TARS1-DT-202|TARS1-DT|1916|	232	-	0	167	0.0	1.0	false
ENST00000555043.2|ENSG00000258377.2|OTTHUMG00000170874.1|OTTHUMT00000410795.1|ENST00000555043|ENSG00000258377|2535|	1935	-	0	152	0.0	1.0	false
ENST00000589360.1|ENSG00000267436.1|OTTHUMG00000181924.1|OTTHUMT00000458321.1|MFSD12-AS1-201|MFSD12-AS1|565|	32	-	0	216	0.0	1.0	false
ENST00000836966.1|ENSG00000308871.1|-|-|ENST00000836966|ENSG00000308871|383|	113	-	1	175	0.005714285714285714	0.4958148494817516	false
ENST00000610145.3|ENSG00000273175.3|OTTHUMG00000185822.1|OTTHUMT00000471386.1|ENST00000610145|ENSG00000273175|2144|	398	-	1	301	0.0033222591362126247	0.6920679545230458	false
ENST00000585075.1|ENSG00000263843.1|OTTHUMG00000179606.1|OTTHUMT00000447278.1|MIF4GD-DT-202|MIF4GD-DT|2527|	1765	-	0	86	0.0	1.0	false
ENST00000836966.1|ENSG00000308871.1|-|-|ENST00000836966|ENSG00000308871|383|	150	-	0	124	0.0	1.0	false
ENST00000750477.1|ENSG00000297719.1|-|-|ENST00000750477|ENSG00000297719|925|	25	-	9	94	0.09574468085106383	1.6679208306499654e-10	true
ENST00000572404.1|ENSG00000262533.1|OTTHUMG00000177679.1|OTTHUMT00000438469.1|ENST00000572404|ENSG00000262533|422|	36	-	0	122	0.0	1.0	false
ENST00000609955.1|ENSG00000273275.1|OTTHUMG00000185954.1|OTTHUMT00000471823.1|ENST00000609955|ENSG00000273275|700|	212	-	0	140	0.0	1.0	false
ENST00000770236.1|ENSG00000300223.1|-|-|ENST00000770236|ENSG00000300223|424|	130	-	0	198	0.0	1.0	false
ENST00000414640.1|ENSG00000224407.1|OTTHUMG00000037756.1|OTTHUMT00000092101.1|ENST00000414640|ENSG00000224407|1029|	471	-	1	145	0.006896551724137931	0.4330110262095028	false
ENST00000528650.1|ENSG00000254452.1|OTTHUMG00000166908.1|OTTHUMT00000391827.1|ENST00000528650|ENSG00000254452|480|	269	-	0	120	0.0	1.0	false
ENST00000849783.1|ENSG00000310431.1|-|-|ENST00000849783|ENSG00000310431|1331|	873	-	0	106	0.0	1.0	false
ENST00000534988.2|ENSG00000256116.2|OTTHUMG00000167845.2|OTTHUMT00000397332.1|ENST00000534988|ENSG00000256116|1069|	938	-	3	129	0.023255813953488372	0.014454437920513616	false
ENST00000775980.1|ENSG00000301079.1|-|-|ENST00000775980|ENSG00000301079|818|	120	-	0	118	0.0	1.0	false
ENST00000823971.1|ENSG00000307119.1|-|-|ENST00000823971|ENSG00000307119|194|	4	-	7	224	0.03125	0.00003383359398180088	true
ENST00000381796.1|ENSG00000205790.2|OTTHUMG00000182047.1|OTTHUMT00000458999.1|DPP9-AS1-201|DPP9-AS1|3071|	2824	-	0	126	0.0	1.0	false
ENST00000687513.1|ENSG00000288744.1|-|-|ENST00000687513|ENSG00000288744|902|	109	+	1	235	0.00425531914893617	0.6013232355828393	false
ENST00000576554.1|ENSG00000262413.1|OTTHUMG00000177881.1|OTTHUMT00000439448.1|ENST00000576554|ENSG00000262413|565|	436	-	1	271	0.0036900369003690036	0.6537103992794653	false
ENST00000617969.1|ENSG00000274904.1|OTTHUMG00000186864.1|OTTHUMT00000473930.1|ENST00000617969|ENSG00000274904|520|	393	-	1	111	0.009009009009009009	0.35232502391672615	false
ENST00000603791.1|ENSG00000270504.2|OTTHUMG00000185108.1|OTTHUMT00000469606.1|ENST00000603791|ENSG00000270504|2761|	285	-	0	192	0.0	1.0	false
ENST00000601701.1|ENSG00000228748.3|OTTHUMG00000018545.2|OTTHUMT00000461758.1|ENST00000601701|ENSG00000228748|987|	226	-	0	151	0.0	1.0	false
ENST00000330048.9|ENSG00000290985.1|-|OTTHUMT00000432081.2|SLC6A10P-202|SLC6A10P|3846|	3118	+	1	178	0.0056179775280898875	0.5016991887463518	false
ENST00000641877.1|ENSG00000263798.2|OTTHUMG00000178681.2|OTTHUMT00000493336.1|ENST00000641877|ENSG00000263798|2655|	1969	+	0	129	0.0	1.0	false
ENST00000801108.1|ENSG00000265799.2|OTTHUMG00000179523.1|-|ENST00000801108|ENSG00000265799|1217|	1013	-	1	193	0.0051813471502590676	0.5301066348874596	false
ENST00000629058.1|ENSG00000281376.1|OTTHUMG00000189574.1|OTTHUMT00000479993.1|ABALON-201|ABALON|1903|	602	-	1	183	0.00546448087431694	0.5113542035893317	false
ENST00000555043.2|ENSG00000258377.2|OTTHUMG00000170874.1|OTTHUMT00000410795.1|ENST00000555043|ENSG00000258377|2535|	1242	-	1	139	0.007194244604316547	0.4195410313865805	false
ENST00000630155.1|ENSG00000280594.4|OTTHUMG00000190270.1|OTTHUMT00000484437.1|BTG3-AS1-202|BTG3-AS1|2341|	1022	-	0	229	0.0	1.0	false
ENST00000650122.1|ENSG00000285600.3|OTTHUMG00000192815.1|OTTHUMT00000499254.1|ENST00000650122|ENSG00000285600|2779|	950	-	2	233	0.008583690987124463	0.23111226377516475	false
ENST00000555689.1|ENSG00000259049.1|OTTHUMG00000171149.1|OTTHUMT00000411942.1|ENST00000555689|ENSG00000259049|528|	470	-	0	86	0.0	1.0	false
ENST00000730413.1|ENSG00000246334.4|OTTHUMG00000163400.1|-|PRR7-AS1-205|PRR7-AS1|554|	233	-	1	156	0.00641025641025641	0.4568994112560374	false
ENST00000606513.6|ENSG00000272324.6|OTTHUMG00000185440.1|OTTHUMT00000470531.1|DAP-DT-201|DAP-DT|407|	98	-	0	177	0.0	1.0	false
ENST00000641877.1|ENSG00000263798.2|OTTHUMG00000178681.2|OTTHUMT00000493336.1|ENST00000641877|ENSG00000263798|2655|	2076	+	1	208	0.004807692307692308	0.5568946114671398	false
ENST00000550043.1|ENSG00000293235.1|-|OTTHUMT00000408770.1|ENST00000550043|ENSG00000293235|1585|	340	+	1	295	0.003389830508474576	0.6847523924043386	false
ENST00000629776.2|ENSG00000281832.2|OTTHUMG00000189549.1|OTTHUMT00000479952.1|LINC00602-201|LINC00602|2078|	330	-	3	318	0.009433962264150943	0.12940804181349344	false
ENST00000736451.1|ENSG00000296107.1|-|-|ENST00000736451|ENSG00000296107|798|	468	-	2	37	0.05405405405405406	0.009277568013238145	false
ENST00000601192.1|ENSG00000269604.1|OTTHUMG00000182049.1|OTTHUMT00000459001.1|ENST00000601192|ENSG00000269604|3568|	946	-	1	61	0.01639344262295082	0.21235342469428065	false
ENST00000805320.1|ENSG00000288795.2|-|-|ENST00000805320|ENSG00000288795|1472|	451	-	1	149	0.006711409395973154	0.4418169150844673	false
ENST00000430356.3|ENSG00000237399.7|OTTHUMG00000017558.3|OTTHUMT00000046475.3|PITRM1-AS1-201|PITRM1-AS1|3998|	2988	-	0	70	0.0	1.0	false
ENST00000623557.1|ENSG00000280211.1|OTTHUMG00000176904.1|OTTHUMT00000434290.1|ENST00000623557|ENSG00000280211|2502|	998	-	0	82	0.0	1.0	false
ENST00000623181.1|ENSG00000279649.1|OTTHUMG00000177438.1|OTTHUMT00000436908.1|ENST00000623181|ENSG00000279649|2704|	1522	-	0	9	0.0	1.0	false
ENST00000565387.2|ENSG00000261351.2|OTTHUMG00000172828.2|OTTHUMT00000420724.2|ENST00000565387|ENSG00000261351|2168|	1096	-	1	270	0.003703703703703704	0.6523526405531039	false
ENST00000452097.1|ENSG00000237017.1|OTTHUMG00000066041.2|OTTHUMT00000141421.2|PRPF31-AS1-201|PRPF31-AS1|4158|	809	-	0	102	0.0	1.0	false
ENST00000449248.1|ENSG00000235027.1|OTTHUMG00000045360.2|OTTHUMT00000105341.2|PRADX-201|PRADX|2015|	956	-	3	231	0.012987012987012988	0.06286208962140989	false
ENST00000754982.1|ENSG00000298338.1|-|-|ENST00000754982|ENSG00000298338|1297|	528	-	2	206	0.009708737864077669	0.19270457716629358	false
ENST00000784726.1|ENSG00000302163.1|-|-|ENST00000784726|ENSG00000302163|685|	633	-	1	169	0.005917159763313609	0.483836889272274	false
ENST00000786473.1|ENSG00000214772.3|OTTHUMG00000168734.1|-|GUCY2C-AS1-202|GUCY2C-AS1|1026|	773	-	0	144	0.0	1.0	false
ENST00000652221.2|ENSG00000293485.2|-|OTTHUMT00000499618.2|SERHL-205|SERHL|2459|	1109	-	0	64	0.0	1.0	false
ENST00000608318.3|ENSG00000290791.2|-|OTTHUMT00000498320.1|ENST00000608318|ENSG00000290791|4329|	272	-	0	177	0.0	1.0	false
ENST00000821788.1|ENSG00000306884.1|-|-|ENST00000821788|ENSG00000306884|632|	354	-	2	73	0.0273972602739726	0.03338358637528001	false
ENST00000630155.1|ENSG00000280594.4|OTTHUMG00000190270.1|OTTHUMT00000484437.1|BTG3-AS1-202|BTG3-AS1|2341|	1089	-	0	124	0.0	1.0	false
ENST00000785006.1|ENSG00000302206.1|-|-|ENST00000785006|ENSG00000302206|996|	960	+	8	96	0.08333333333333333	5.28888174765354e-9	true
ENST00000688886.1|ENSG00000289006.1|-|-|ENST00000688886|ENSG00000289006|2090|	173	+	6	62	0.0967741935483871	1.8088545179818238e-7	true
ENST00000784178.1|ENSG00000293178.2|-|-|ENST00000784178|ENSG00000293178|2913|	1843	+	47	195	0.24102564102564103	1.4329260156520592e-68	true
ENST00000687345.1|ENSG00000289613.1|-|-|ENST00000687345|ENSG00000289613|1194|	635	-	1	89	0.011235955056179775	0.2940957492310673	false
ENST00000502511.1|ENSG00000188242.4|OTTHUMG00000162206.2|OTTHUMT00000368036.1|SLC9A3-OT1-202|SLC9A3-OT1|552|	439	+	0	119	0.0	1.0	false
ENST00000764685.1|ENSG00000299571.1|-|-|ENST00000764685|ENSG00000299571|253|	55	-	8	271	0.02952029520295203	0.000014176857394408007	true
ENST00000610145.3|ENSG00000273175.3|OTTHUMG00000185822.1|OTTHUMT00000471386.1|ENST00000610145|ENSG00000273175|2144|	6	-	0	175	0.0	1.0	false
ENST00000540866.2|ENSG00000256028.2|OTTHUMG00000168770.1|OTTHUMT00000400991.1|ENST00000540866|ENSG00000256028|5618|	1840	+	0	32	0.0	1.0	false
ENST00000842749.1|ENSG00000290074.2|-|-|ENST00000842749|ENSG00000290074|462|	47	-	0	158	0.0	1.0	false
ENST00000623210.1|ENSG00000280138.1|OTTHUMG00000168768.1|OTTHUMT00000400950.1|ENST00000623210|ENSG00000280138|18662|	17762	+	0	68	0.0	1.0	false
ENST00000803207.1|ENSG00000304412.1|-|-|ENST00000803207|ENSG00000304412|499|	123	-	2	136	0.014705882352941176	0.0995079272121282	false
ENST00000753860.1|ENSG00000255959.2|OTTHUMG00000167704.1|-|ENST00000753860|ENSG00000255959|1330|	147	-	0	251	0.0	1.0	false
ENST00000824425.1|ENSG00000307181.1|-|-|ENST00000824425|ENSG00000307181|1942|	1350	+	0	103	0.0	1.0	false
ENST00000624514.1|ENSG00000279428.1|OTTHUMG00000180330.1|OTTHUMT00000450773.1|ENST00000624514|ENSG00000279428|3130|	2919	-	1	112	0.008928571428571428	0.3548545594553306	false
ENST00000810787.1|ENSG00000305402.1|-|-|ENST00000810787|ENSG00000305402|497|	283	+	1	109	0.009174311926605505	0.347236159963618	false
ENST00000586923.1|ENSG00000276570.1|OTTHUMG00000180703.1|OTTHUMT00000452661.1|ENST00000586923|ENSG00000276570|3061|	280	+	0	107	0.0	1.0	false
ENST00000799624.1|ENSG00000304086.1|-|-|ENST00000799624|ENSG00000304086|705|	45	+	1	32	0.03125	0.11769961979149383	false
ENST00000752386.1|ENSG00000298000.1|-|-|ENST00000752386|ENSG00000298000|1299|	163	-	1	144	0.006944444444444444	0.4307879325176539	false
ENST00000715290.1|ENSG00000230337.5|OTTHUMG00000002122.1|-|EXOSC10-AS1-205|EXOSC10-AS1|2401|	1745	-	0	139	0.0	1.0	false
ENST00000540502.2|ENSG00000290394.3|-|OTTHUMT00000398569.1|PKD1P6-NPIPP1-206|PKD1P6-NPIPP1|6144|	88	+	8	118	0.06779661016949153	2.703734519098025e-8	true
ENST00000580962.1|ENSG00000263986.1|OTTHUMG00000178940.1|OTTHUMT00000444063.1|ENST00000580962|ENSG00000263986|504|	214	-	1	206	0.0048543689320388345	0.5534130765578107	false
ENST00000635449.1|ENSG00000282961.1|OTTHUMG00000191472.1|OTTHUMT00000488007.1|PRNCR1-201|PRNCR1|12727|	6540	-	0	83	0.0	1.0	false
ENST00000413911.1|ENSG00000228509.8|OTTHUMG00000154512.1|OTTHUMT00000335622.1|ENST00000413911|ENSG00000228509|919|	654	-	1	77	0.012987012987012988	0.26015690950725856	false
ENST00000605085.1|ENSG00000271380.1|OTTHUMG00000185142.1|OTTHUMT00000469658.1|PYGO2-AS1-201|PYGO2-AS1|799|	652	-	0	204	0.0	1.0	false
ENST00000414640.1|ENSG00000224407.1|OTTHUMG00000037756.1|OTTHUMT00000092101.1|ENST00000414640|ENSG00000224407|1029|	609	-	0	177	0.0	1.0	false
ENST00000417970.2|ENSG00000232814.2|OTTHUMG00000149649.2|OTTHUMT00000312863.2|COL4A2-AS1-201|COL4A2-AS1|540|	27	-	2	65	0.03076923076923077	0.026966766996544867	false
ENST00000660385.1|ENSG00000288066.1|OTTHUMG00000195803.1|OTTHUMT00000528866.1|ENST00000660385|ENSG00000288066|1912|	256	-	10	27	0.37037037037037035	6.557436381751602e-18	true
ENST00000455607.3|ENSG00000231760.5|OTTHUMG00000193423.1|OTTHUMT00000042661.3|ENST00000455607|ENSG00000231760|1541|	1198	-	0	99	0.0	1.0	false
ENST00000604992.2|ENSG00000270194.2|OTTHUMG00000185097.1|OTTHUMT00000469553.1|GOLGA4-AS1-201|GOLGA4-AS1|2414|	727	-	0	128	0.0	1.0	false
ENST00000619932.4|ENSG00000291005.2|-|OTTHUMT00000478301.1|NBPF25P-202|NBPF25P|3827|	1099	+	1	112	0.008928571428571428	0.3548545594553306	false
ENST00000418602.2|ENSG00000227741.2|OTTHUMG00000031606.1|OTTHUMT00000077411.1|ENST00000418602|ENSG00000227741|1579|	1035	-	0	132	0.0	1.0	false
ENST00000580121.1|ENSG00000265784.1|OTTHUMG00000178867.1|OTTHUMT00000443695.1|ENST00000580121|ENSG00000265784|456|	69	-	0	153	0.0	1.0	false
ENST00000568997.5|ENSG00000213599.10|OTTHUMG00000048084.2|OTTHUMT00000434086.1|SLX1A-SULT1A3-205|SLX1A-SULT1A3|2834|	71	+	5	209	0.023923444976076555	0.001489645321935615	false
ENST00000728038.1|ENSG00000295105.1|-|-|ENST00000728038|ENSG00000295105|93|	35	+	1	130	0.007692307692307693	0.398733656211529	false
ENST00000718821.1|ENSG00000293760.1|-|-|ENST00000718821|ENSG00000293760|603|	77	-	0	124	0.0	1.0	false
ENST00000586923.1|ENSG00000276570.1|OTTHUMG00000180703.1|OTTHUMT00000452661.1|ENST00000586923|ENSG00000276570|3061|	185	+	0	186	0.0	1.0	false
ENST00000523081.2|ENSG00000253133.2|OTTHUMG00000164080.3|OTTHUMT00000377154.3|GPAT4-AS1-201|GPAT4-AS1|4033|	3870	-	0	94	0.0	1.0	false
ENST00000333487.2|ENSG00000184068.2|OTTHUMG00000151272.1|OTTHUMT00000322047.1|SREBF2-AS1-201|SREBF2-AS1|2989|	862	-	0	45	0.0	1.0	false
ENST00000488045.1|ENSG00000293008.1|-|OTTHUMT00000349014.1|ENST00000488045|ENSG00000293008|1493|	1404	+	0	199	0.0	1.0	false
ENST00000726311.1|ENSG00000294850.1|-|-|ENST00000726311|ENSG00000294850|655|	198	+	17	896	0.018973214285714284	1.6891793315732515e-7	false
ENST00000575890.1|ENSG00000263272.1|OTTHUMG00000177873.1|OTTHUMT00000439386.1|ENST00000575890|ENSG00000263272|1938|	303	-	2	213	0.009389671361502348	0.20259237246352949	false
ENST00000578070.5|ENSG00000290928.2|-|OTTHUMT00000444256.1|ENST00000578070|ENSG00000290928|929|	162	+	7	23	0.30434782608695654	3.217012544434093e-12	true
ENST00000608318.3|ENSG00000290791.2|-|OTTHUMT00000498320.1|ENST00000608318|ENSG00000290791|4329|	106	-	1	166	0.006024096385542169	0.4777416175191497	false
ENST00000493504.1|ENSG00000267858.9|OTTHUMG00000183549.3|OTTHUMT00000350753.1|MZF1-AS1-204|MZF1-AS1|3282|	2398	+	7	38	0.18421052631578946	1.573274446671664e-10	true
ENST00000692808.2|ENSG00000288813.2|-|-|ENST00000692808|ENSG00000288813|1474|	466	-	1	22	0.045454545454545456	0.08248891350665535	false
ENST00000446022.1|ENSG00000224729.7|OTTHUMG00000156674.3|OTTHUMT00000345284.1|PCOLCE-AS1-202|PCOLCE-AS1|456|	98	-	0	154	0.0	1.0	false
ENST00000598846.1|ENSG00000268575.1|OTTHUMG00000183552.1|OTTHUMT00000467163.1|ENST00000598846|ENSG00000268575|5079|	4798	+	3	50	0.06	0.0010178933931249243	false
ENST00000451424.1|ENSG00000117242.7|OTTHUMG00000002840.1|OTTHUMT00000007953.1|PINK1-AS-201|PINK1-AS|4443|	317	+	7	261	0.02681992337164751	0.00008825141857709346	true
ENST00000752543.1|ENSG00000272691.2|OTTHUMG00000186154.1|-|ENST00000752543|ENSG00000272691|534|	19	-	1	51	0.0196078431372549	0.1809201477270934	false
ENST00000431955.1|ENSG00000241720.2|OTTHUMG00000011632.1|OTTHUMT00000032147.1|ENST00000431955|ENSG00000241720|808|	469	-	0	56	0.0	1.0	false
ENST00000445817.1|ENSG00000234277.4|OTTHUMG00000037611.2|OTTHUMT00000091688.1|LINC01641-202|LINC01641|1971|	1956	+	7	168	0.041666666666666664	5.287377772220674e-6	true
ENST00000702606.2|ENSG00000290037.2|-|-|ENST00000702606|ENSG00000290037|496|	189	-	2	12	0.16666666666666666	0.0009808564027467906	true
ENST00000687361.2|ENSG00000289114.2|-|-|ENST00000687361|ENSG00000289114|1632|	65	-	1	67	0.014925373134328358	0.23063136657362546	false
ENST00000813452.1|ENSG00000289326.3|-|-|ENST00000813452|ENSG00000289326|2004|	1582	+	3	26	0.11538461538461539	0.00014480584240298726	true
ENST00000840248.1|ENSG00000309317.1|-|-|ENST00000840248|ENSG00000309317|543|	87	-	1	56	0.017857142857142856	0.19679053756528153	false
ENST00000609146.1|ENSG00000272851.1|OTTHUMG00000186306.1|OTTHUMT00000472818.1|ENST00000609146|ENSG00000272851|564|	445	-	2	49	0.04081632653061224	0.01588407235427102	false
ENST00000420195.1|ENSG00000224660.2|OTTHUMG00000155575.4|OTTHUMT00000340701.1|SH3BP5-AS1-202|SH3BP5-AS1|5570|	1563	-	2	56	0.03571428571428571	0.020430575703698887	false
ENST00000686326.3|ENSG00000288926.3|-|-|ENST00000686326|ENSG00000288926|2041|	92	-	1	76	0.013157894736842105	0.2572560761869264	false
ENST00000604992.2|ENSG00000270194.2|OTTHUMG00000185097.1|OTTHUMT00000469553.1|GOLGA4-AS1-201|GOLGA4-AS1|2414|	701	-	4	82	0.04878048780487805	0.0003192096216882027	true
ENST00000733111.1|ENSG00000249673.10|OTTHUMG00000160136.4|-|NOP14-AS1-230|NOP14-AS1|596|	481	-	1	45	0.022222222222222223	0.1614612131098698	false
ENST00000701956.1|ENSG00000289942.1|-|-|ENST00000701956|ENSG00000289942|115|	96	+	1	44	0.022727272727272728	0.15817340616180223	false
ENST00000752777.1|ENSG00000298064.1|-|-|ENST00000752777|ENSG00000298064|480|	478	+	2	39	0.05128205128205128	0.010269283012756841	false
ENST00000736664.1|ENSG00000296127.1|-|-|ENST00000736664|ENSG00000296127|696|	95	-	4	109	0.03669724770642202	0.0009340187776054344	true
ENST00000763425.1|ENSG00000299425.1|-|-|ENST00000763425|ENSG00000299425|2251|	1692	+	1	115	0.008695652173913044	0.3623840446916026	false
ENST00000606662.3|ENSG00000271918.3|OTTHUMG00000185552.1|OTTHUMT00000470700.1|ENST00000606662|ENSG00000271918|1649|	385	-	2	46	0.043478260869565216	0.01408773364586496	false
ENST00000655600.1|ENSG00000248473.3|OTTHUMG00000162379.2|OTTHUMT00000527101.1|LINC01962-202|LINC01962|1840|	1538	-	12	30	0.4	1.0208406210384762e-21	true
ENST00000780705.1|ENSG00000301665.1|-|-|ENST00000780705|ENSG00000301665|1593|	1002	-	1	48	0.020833333333333332	0.1712477899329196	false
ENST00000776897.1|ENSG00000301189.1|-|-|ENST00000776897|ENSG00000301189|1750|	1622	+	3	36	0.08333333333333333	0.00038622498342330157	true
ENST00000707189.1|ENSG00000291336.1|-|-|ENST00000707189|ENSG00000291336|2209|	581	-	2	61	0.03278688524590164	0.02396926724407369	false
ENST00000849693.1|ENSG00000293508.2|-|-|POLR1HASP-310|POLR1HASP|1252|	185	-	7	237	0.029535864978902954	0.0000483115297341331	true
ENST00000420261.1|ENSG00000293216.1|-|OTTHUMT00000276488.1|ENST00000420261|ENSG00000293216|678|	201	+	2	37	0.05405405405405406	0.009277568013238145	false
ENST00000606915.2|ENSG00000268592.4|OTTHUMG00000185354.1|OTTHUMT00000470302.1|RAET1E-AS1-203|RAET1E-AS1|1217|	120	-	1	76	0.013157894736842105	0.2572560761869264	false
ENST00000779789.1|ENSG00000301571.1|-|-|ENST00000779789|ENSG00000301571|283|	83	-	2	96	0.020833333333333332	0.0546440370937314	false
ENST00000733947.1|ENSG00000295921.1|-|-|ENST00000733947|ENSG00000295921|1344|	346	-	0	39	0.0	1.0	false
ENST00000689104.2|ENSG00000253893.3|OTTHUMG00000163729.2|-|FAM85B-206|FAM85B|3250|	2194	+	1	32	0.03125	0.11769961979149383	false
ENST00000480546.1|ENSG00000293162.1|-|OTTHUMT00000351483.1|ENST00000480546|ENSG00000293162|3350|	427	+	2	60	0.03333333333333333	0.023242744950081228	false
ENST00000546324.1|ENSG00000257038.2|OTTHUMG00000167970.2|OTTHUMT00000397364.2|ARHGEF17-AS1-201|ARHGEF17-AS1|1695|	466	-	6	32	0.1875	2.947758633274232e-9	true
ENST00000544939.1|ENSG00000256569.1|OTTHUMG00000169202.1|OTTHUMT00000402860.1|ENST00000544939|ENSG00000256569|569|	212	-	1	60	0.016666666666666666	0.20926515981804777	false
ENST00000555969.1|ENSG00000259049.1|OTTHUMG00000171149.1|OTTHUMT00000411941.1|ENST00000555969|ENSG00000259049|898|	419	-	2	69	0.028985507246376812	0.030106587974768152	false
ENST00000778697.1|ENSG00000301403.1|-|-|ENST00000778697|ENSG00000301403|1375|	975	-	2	23	0.08695652173913043	0.0036541681588560027	false
ENST00000559668.5|ENSG00000290689.2|-|OTTHUMT00000418802.1|ENST00000559668|ENSG00000290689|4253|	1493	+	2	47	0.0425531914893617	0.014676100668276706	false
ENST00000562166.1|ENSG00000261093.1|OTTHUMG00000177171.1|OTTHUMT00000435703.1|ENST00000562166|ENSG00000261093|1838|	508	-	1	24	0.041666666666666664	0.08964171335287972	false
ENST00000569981.2|ENSG00000238045.10|OTTHUMG00000132117.4|OTTHUMT00000477845.1|MVP-DT-205|MVP-DT|2449|	1049	-	5	35	0.14285714285714285	2.675434347210299e-7	true
ENST00000818129.1|ENSG00000238045.10|OTTHUMG00000132117.4|-|MVP-DT-211|MVP-DT|1022|	392	-	2	123	0.016260162601626018	0.08401161548906554	false
ENST00000624722.1|ENSG00000279641.1|OTTHUMG00000178009.2|OTTHUMT00000440217.2|ENST00000624722|ENSG00000279641|1615|	194	-	1	95	0.010526315789473684	0.3104767978796048	false
ENST00000581621.1|ENSG00000264772.6|OTTHUMG00000178274.1|OTTHUMT00000441295.1|ENST00000581621|ENSG00000264772|4554|	2222	+	3	64	0.046875	0.002077598889113169	false
ENST00000580714.2|ENSG00000265254.2|OTTHUMG00000179305.1|OTTHUMT00000445702.1|ENST00000580714|ENSG00000265254|1113|	255	-	3	34	0.08823529411764706	0.0003255860716457687	true
ENST00000686350.1|ENSG00000267106.10|OTTHUMG00000180135.7|-|ZNF561-AS1-212|ZNF561-AS1|2048|	792	-	3	60	0.05	0.0017263034556576533	false
ENST00000591501.3|ENSG00000267100.3|OTTHUMG00000180586.1|OTTHUMT00000452058.1|ILF3-DT-201|ILF3-DT|2021|	156	+	2	41	0.04878048780487805	0.011305747228752832	false
ENST00000750477.1|ENSG00000297719.1|-|-|ENST00000750477|ENSG00000297719|925|	14	-	7	77	0.09090909090909091	2.624197604854008e-8	true
ENST00000597983.1|ENSG00000269243.1|OTTHUMG00000182239.1|OTTHUMT00000460193.1|ENST00000597983|ENSG00000269243|2987|	1115	-	0	58	0.0	1.0	false
ENST00000542466.2|ENSG00000255737.2|OTTHUMG00000170286.1|OTTHUMT00000408368.1|AGAP2-AS1-201|AGAP2-AS1|1500|	238	+	2	34	0.058823529411764705	0.007875581052645953	false
ENST00000601296.3|ENSG00000268858.3|OTTHUMG00000187033.1|OTTHUMT00000474290.1|ENST00000601296|ENSG00000268858|4012|	2720	+	2	49	0.04081632653061224	0.01588407235427102	false
ENST00000569969.5|ENSG00000261067.7|OTTHUMG00000176707.1|OTTHUMT00000433224.1|ENST00000569969|ENSG00000261067|5296|	1923	+	1	57	0.017543859649122806	0.19992752286685778	false
ENST00000479606.5|ENSG00000285314.1|OTTHUMG00000192616.1|OTTHUMT00000497423.1|ENST00000479606|ENSG00000285314|3442|	3204	+	2	28	0.07142857142857142	0.005389411431186829	false
ENST00000660844.1|ENSG00000286433.1|OTTHUMG00000194034.1|OTTHUMT00000509297.1|ENST00000660844|ENSG00000286433|1471|	341	-	3	80	0.0375	0.003911625332805252	false
ENST00000746504.1|ENSG00000179743.5|OTTHUMG00000009375.2|-|SPEN-AS1-203|SPEN-AS1|1019|	418	-	0	57	0.0	1.0	false
ENST00000609207.1|ENSG00000223764.3|OTTHUMG00000040718.2|OTTHUMT00000473217.1|LINC02593-203|LINC02593|4152|	2201	+	14	14	1.0	1.9211945547125986e-34	true
ENST00000430356.3|ENSG00000237399.7|OTTHUMG00000017558.3|OTTHUMT00000046475.3|PITRM1-AS1-201|PITRM1-AS1|3998|	986	-	1	52	0.019230769230769232	0.18411911583885943	false
ENST00000806136.1|ENSG00000304757.1|-|-|ENST00000806136|ENSG00000304757|863|	89	-	3	19	0.15789473684210525	0.00005508343483784077	true
ENST00000674004.1|ENSG00000272620.2|OTTHUMG00000186238.2|OTTHUMT00000529924.1|AFAP1-AS1-202|AFAP1-AS1|5444|	1480	-	1	47	0.02127659574468085	0.1679983549430485	false
ENST00000658072.1|ENSG00000245275.10|OTTHUMG00000163570.7|OTTHUMT00000504979.1|SAP30L-AS1-207|SAP30L-AS1|4591|	478	-	1	17	0.058823529411764705	0.06436007002992353	false
ENST00000658000.1|ENSG00000204682.10|OTTHUMG00000017795.3|OTTHUMT00000047130.3|MIR1915HG-201|MIR1915HG|3799|	584	+	3	16	0.1875	0.00003211416945824644	true
ENST00000535755.1|ENSG00000256879.2|OTTHUMG00000168961.1|OTTHUMT00000401755.1|PDE3A-AS1-201|PDE3A-AS1|525|	267	-	2	71	0.028169014084507043	0.031728256553297265	false
ENST00000797456.1|ENSG00000303842.1|-|-|ENST00000797456|ENSG00000303842|491|	251	-	3	62	0.04838709677419355	0.0018968803782692762	false
ENST00000617813.1|ENSG00000237126.9|OTTHUMG00000153318.5|OTTHUMT00000475919.1|ENST00000617813|ENSG00000237126|907|	532	-	3	48	0.0625	0.0009034763991962162	true
ENST00000616163.1|ENSG00000176868.3|OTTHUMG00000186801.1|OTTHUMT00000473806.1|ENST00000616163|ENSG00000176868|2713|	1420	-	2	67	0.029850746268656716	0.02851921179180473	false
ENST00000404796.3|ENSG00000264545.2|OTTHUMG00000179355.1|OTTHUMT00000445913.1|ENST00000404796|ENSG00000264545|622|	281	+	1	46	0.021739130434782608	0.164736179320181	false
ENST00000552576.4|ENSG00000258056.4|OTTHUMG00000170187.2|OTTHUMT00000407841.2|CD63-AS1-201|CD63-AS1|1474|	1046	+	1	31	0.03225806451612903	0.11424022904453697	false
ENST00000572453.1|ENSG00000267532.7|OTTHUMG00000132903.10|OTTHUMT00000450300.1|MIR497HG-207|MIR497HG|3838|	3067	-	3	66	0.045454545454545456	0.0022686636810328367	false
ENST00000515614.4|ENSG00000249628.4|OTTHUMG00000168151.2|OTTHUMT00000398456.2|LINC00942-201|LINC00942|2227|	520	+	3	58	0.05172413793103448	0.0015656565947000632	false
ENST00000533287.1|ENSG00000254762.1|OTTHUMG00000166906.1|OTTHUMT00000391824.1|KLC2-AS2-201|KLC2-AS2|272|	163	-	1	26	0.038461538461538464	0.09673875088037759	false
ENST00000624988.1|ENSG00000279225.1|OTTHUMG00000177081.2|OTTHUMT00000435211.2|ENST00000624988|ENSG00000279225|240|	56	-	2	35	0.05714285714285714	0.008331369416197483	false
ENST00000841148.1|ENSG00000309441.1|-|-|ENST00000841148|ENSG00000309441|1186|	51	+	2	74	0.02702702702702703	0.03422367914074619	false
ENST00000674004.1|ENSG00000272620.2|OTTHUMG00000186238.2|OTTHUMT00000529924.1|AFAP1-AS1-202|AFAP1-AS1|5444|	3801	-	2	84	0.023809523809523808	0.04306212007174697	false
ENST00000607421.3|ENSG00000272173.3|OTTHUMG00000185702.1|OTTHUMT00000471024.1|ENST00000607421|ENSG00000272173|1221|	196	-	8	451	0.017738359201773836	0.00047009584959922107	false
ENST00000611259.1|ENSG00000276101.1|OTTHUMG00000186719.1|OTTHUMT00000473667.1|ENST00000611259|ENSG00000276101|610|	263	-	7	46	0.15217391304347827	6.492612941079831e-10	true
ENST00000569969.5|ENSG00000261067.7|OTTHUMG00000176707.1|OTTHUMT00000433224.1|ENST00000569969|ENSG00000261067|5296|	2644	+	0	40	0.0	1.0	false
ENST00000430356.3|ENSG00000237399.7|OTTHUMG00000017558.3|OTTHUMT00000046475.3|PITRM1-AS1-201|PITRM1-AS1|3998|	3586	-	2	67	0.029850746268656716	0.02851921179180473	false
ENST00000310771.8|ENSG00000272752.7|OTTHUMG00000186252.1|OTTHUMT00000472500.1|STAG3L5P-PVRIG2P-PILRB-201|STAG3L5P-PVRIG2P-PILRB|3634|	2625	+	2	21	0.09523809523809523	0.0030488587716320996	false
ENST00000772135.1|ENSG00000225075.2|OTTHUMG00000011907.1|-|ENST00000772135|ENSG00000225075|688|	148	-	1	71	0.014084507042253521	0.2425804079183681	false
ENST00000555918.1|ENSG00000258938.1|OTTHUMG00000170615.1|OTTHUMT00000409824.1|ENST00000555918|ENSG00000258938|2867|	166	-	2	51	0.0392156862745098	0.01713309333819555	false
ENST00000535363.1|ENSG00000256013.1|OTTHUMG00000168065.1|OTTHUMT00000397902.1|ENST00000535363|ENSG00000256013|533|	459	-	2	36	0.05555555555555555	0.00879873085341949	false
ENST00000555043.2|ENSG00000258377.2|OTTHUMG00000170874.1|OTTHUMT00000410795.1|ENST00000555043|ENSG00000258377|2535|	1528	-	2	50	0.04	0.0165034964776521	false
ENST00000623453.1|ENSG00000279689.1|OTTHUMG00000187421.1|OTTHUMT00000474933.1|ENST00000623453|ENSG00000279689|3599|	1779	-	1	61	0.01639344262295082	0.21235342469428065	false
ENST00000620144.1|ENSG00000275665.2|OTTHUMG00000188499.1|OTTHUMT00000477443.1|ENST00000620144|ENSG00000275665|563|	453	-	1	58	0.017241379310344827	0.20305225647414693	false
ENST00000602342.1|ENSG00000269984.1|OTTHUMG00000184028.1|OTTHUMT00000467805.1|ENST00000602342|ENSG00000269984|3143|	1041	-	1	33	0.030303030303030304	0.12114549966932732	false
ENST00000513358.3|ENSG00000250899.3|OTTHUMG00000168179.2|OTTHUMT00000398625.2|ENST00000513358|ENSG00000250899|3514|	1010	+	1	21	0.047619047619047616	0.07889146593206027	false
ENST00000648537.1|ENSG00000285926.2|OTTHUMG00000193039.1|OTTHUMT00000499974.1|ENST00000648537|ENSG00000285926|948|	830	-	2	65	0.03076923076923077	0.026966766996544867	false
ENST00000719238.1|ENSG00000293818.1|-|-|ENST00000719238|ENSG00000293818|475|	379	-	2	128	0.015625	0.0898796224158695	false
ENST00000603791.1|ENSG00000270504.2|OTTHUMG00000185108.1|OTTHUMT00000469606.1|ENST00000603791|ENSG00000270504|2761|	490	-	2	57	0.03508771929824561	0.021119360677010028	false
ENST00000441212.1|ENSG00000226963.1|OTTHUMG00000154231.1|OTTHUMT00000334501.1|ENST00000441212|ENSG00000226963|558|	424	-	2	21	0.09523809523809523	0.0030488587716320996	false
ENST00000564063.1|ENSG00000260879.1|OTTHUMG00000175898.1|OTTHUMT00000431250.1|ENST00000564063|ENSG00000260879|1566|	183	-	1	80	0.0125	0.26879160995917517	false
ENST00000528887.1|ENSG00000254501.1|OTTHUMG00000165602.1|OTTHUMT00000385232.1|ENST00000528887|ENSG00000254501|544|	495	-	1	60	0.016666666666666666	0.20926515981804777	false
ENST00000623569.1|ENSG00000280213.1|OTTHUMG00000187354.1|OTTHUMT00000474801.1|UCKL1-AS1-201|UCKL1-AS1|3602|	2997	-	2	139	0.014388489208633094	0.1031898365130804	false
ENST00000772447.1|ENSG00000300506.1|-|-|ENST00000772447|ENSG00000300506|2133|	1687	-	3	22	0.13636363636363635	0.00008677783231766656	true
ENST00000701499.2|ENSG00000289902.2|-|-|ENST00000701499|ENSG00000289902|4655|	658	+	0	37	0.0	1.0	false
ENST00000537889.2|ENSG00000290391.2|-|OTTHUMT00000398420.1|ENST00000537889|ENSG00000290391|1758|	1065	+	3	70	0.04285714285714286	0.002682617408537469	false
ENST00000526566.2|ENSG00000255438.2|OTTHUMG00000167583.2|OTTHUMT00000395183.2|ENST00000526566|ENSG00000255438|2437|	602	-	2	58	0.034482758620689655	0.021817707251378243	false
ENST00000500185.3|ENSG00000246889.4|OTTHUMG00000167270.2|OTTHUMT00000393933.2|CTTN-DT-201|CTTN-DT|2606|	990	-	2	36	0.05555555555555555	0.00879873085341949	false
ENST00000619017.1|ENSG00000246548.4|OTTHUMG00000171579.3|OTTHUMT00000474250.2|LINC02288-202|LINC02288|3487|	221	-	1	47	0.02127659574468085	0.1679983549430485	false
ENST00000720566.1|ENSG00000247877.9|OTTHUMG00000162801.2|-|FAM174A-DT-242|FAM174A-DT|1351|	241	-	1	28	0.03571428571428571	0.10378046080510024	false
ENST00000552525.1|ENSG00000257286.1|OTTHUMG00000169656.1|OTTHUMT00000405306.1|ENST00000552525|ENSG00000257286|248|	9	-	1	36	0.027777777777777776	0.13140260073398696	false
ENST00000722334.1|ENSG00000235527.8|OTTHUMG00000011982.4|-|HIPK1-AS1-207|HIPK1-AS1|494|	437	-	0	11	0.0	1.0	false
ENST00000623856.1|ENSG00000279123.1|OTTHUMG00000178083.1|OTTHUMT00000440450.1|ENST00000623856|ENSG00000279123|713|	641	-	32	56	0.5714285714285714	3.4144516501227798e-62	true
ENST00000552525.1|ENSG00000257286.1|OTTHUMG00000169656.1|OTTHUMT00000405306.1|ENST00000552525|ENSG00000257286|248|	155	-	1	76	0.013157894736842105	0.2572560761869264	false
ENST00000578070.5|ENSG00000290928.2|-|OTTHUMT00000444256.1|ENST00000578070|ENSG00000290928|929|	136	+	2	27	0.07407407407407407	0.005017410113365046	false
ENST00000565113.5|ENSG00000261771.5|OTTHUMG00000172694.1|OTTHUMT00000419949.1|DNAAF4-CCPG1-201|DNAAF4-CCPG1|4589|	2104	+	1	37	0.02702702702702703	0.1347949627540078	false
ENST00000811911.1|ENSG00000305602.1|-|-|ENST00000811911|ENSG00000305602|867|	93	-	4	82	0.04878048780487805	0.0003192096216882027	true
ENST00000665917.1|ENSG00000245025.4|OTTHUMG00000163755.2|OTTHUMT00000527942.1|ENST00000665917|ENSG00000245025|4918|	1923	-	1	79	0.012658227848101266	0.26592463223214907	false
ENST00000767735.1|ENSG00000299971.1|-|-|ENST00000767735|ENSG00000299971|1596|	816	-	2	71	0.028169014084507043	0.031728256553297265	false
ENST00000565879.1|ENSG00000261691.1|OTTHUMG00000172798.1|OTTHUMT00000420520.1|ENST00000565879|ENSG00000261691|476|	44	-	2	25	0.08	0.004310630054424627	false
ENST00000591360.1|ENSG00000267257.1|OTTHUMG00000179968.1|OTTHUMT00000449126.1|ENST00000591360|ENSG00000267257|2553|	1121	-	0	34	0.0	1.0	false
ENST00000637601.2|ENSG00000290999.2|-|OTTHUMT00000489142.1|ENST00000637601|ENSG00000290999|3451|	1144	+	2	29	0.06896551724137931	0.00577368389077295	false
ENST00000767581.1|ENSG00000267677.2|OTTHUMG00000180086.1|-|ENST00000767581|ENSG00000267677|354|	199	-	2	38	0.05263157894736842	0.009767784128472158	false
ENST00000701499.2|ENSG00000289902.2|-|-|ENST00000701499|ENSG00000289902|4655|	1223	+	1	47	0.02127659574468085	0.1679983549430485	false
ENST00000606994.3|ENSG00000272086.3|OTTHUMG00000185453.1|OTTHUMT00000470550.1|GOLPH3-DT-201|GOLPH3-DT|1926|	125	-	9	58	0.15517241379310345	1.894910866411116e-12	true
ENST00000653257.1|ENSG00000287315.1|OTTHUMG00000193832.1|OTTHUMT00000505240.1|ENST00000653257|ENSG00000287315|4828|	2122	-	1	62	0.016129032258064516	0.21542962815692568	false
ENST00000726052.1|ENSG00000294800.1|-|-|ENST00000726052|ENSG00000294800|1516|	410	-	1	43	0.023255813953488372	0.15487270812903267	false
ENST00000600303.1|ENSG00000268093.1|OTTHUMG00000183317.1|OTTHUMT00000466150.1|ENST00000600303|ENSG00000268093|766|	176	-	1	39	0.02564102564102564	0.14153999128659825	false
ENST00000578315.1|ENSG00000293206.1|-|OTTHUMT00000443627.1|ENST00000578315|ENSG00000293206|730|	186	+	0	79	0.0	1.0	false
ENST00000555562.1|ENSG00000258920.1|OTTHUMG00000170973.1|OTTHUMT00000411017.1|FOXN3-AS1-201|FOXN3-AS1|1077|	472	+	1	50	0.02	0.17770863685672286	false
ENST00000624088.1|ENSG00000279861.1|OTTHUMG00000183421.1|OTTHUMT00000466547.1|ENST00000624088|ENSG00000279861|1882|	1255	+	2	48	0.041666666666666664	0.015274910419106284	false
ENST00000476405.1|ENSG00000093100.13|OTTHUMG00000150085.1|OTTHUMT00000316175.1|ENST00000476405|ENSG00000093100|4328|	1027	+	2	34	0.058823529411764705	0.007875581052645953	false
ENST00000567834.1|ENSG00000260108.1|OTTHUMG00000176778.1|OTTHUMT00000433711.1|ENST00000567834|ENSG00000260108|2421|	776	+	1	32	0.03125	0.11769961979149383	false
ENST00000842264.1|ENSG00000309602.1|-|-|ENST00000842264|ENSG00000309602|721|	51	-	1	39	0.02564102564102564	0.14153999128659825	false
ENST00000451424.1|ENSG00000117242.7|OTTHUMG00000002840.1|OTTHUMT00000007953.1|PINK1-AS-201|PINK1-AS|4443|	349	+	1	57	0.017543859649122806	0.19992752286685778	false
ENST00000565098.3|ENSG00000260830.3|OTTHUMG00000172910.1|OTTHUMT00000421341.1|ENST00000565098|ENSG00000260830|1587|	602	-	2	58	0.034482758620689655	0.021817707251378243	false
ENST00000540502.2|ENSG00000290394.3|-|OTTHUMT00000398569.1|PKD1P6-NPIPP1-206|PKD1P6-NPIPP1|6144|	84	+	4	104	0.038461538461538464	0.0007839878468726532	true
ENST00000627992.4|ENSG00000232973.15|OTTHUMG00000128569.16|OTTHUMT00000480497.2|CYP1B1-AS1-222|CYP1B1-AS1|2470|	335	-	2	30	0.06666666666666667	0.006170125966390785	false
ENST00000555562.1|ENSG00000258920.1|OTTHUMG00000170973.1|OTTHUMT00000411017.1|FOXN3-AS1-201|FOXN3-AS1|1077|	398	+	5	20	0.25	1.3416504920719375e-8	true
ENST00000574826.1|ENSG00000262112.1|OTTHUMG00000178125.1|OTTHUMT00000440617.1|ENST00000574826|ENSG00000262112|538|	409	-	2	72	0.027777777777777776	0.03255175295189916	false
ENST00000624094.1|ENSG00000280143.1|OTTHUMG00000167068.1|OTTHUMT00000392880.1|ENST00000624094|ENSG00000280143|5326|	4063	-	3	32	0.09375	0.0002714494774623292	true
ENST00000813619.1|ENSG00000256084.2|OTTHUMG00000168653.1|-|ENST00000813619|ENSG00000256084|877|	702	+	2	87	0.022988505747126436	0.04586200141906361	false
ENST00000420918.4|ENSG00000271889.2|OTTHUMG00000152156.5|OTTHUMT00000325484.3|C2orf74-AS1-202|C2orf74-AS1|2630|	1402	+	3	32	0.09375	0.0002714494774623292	true
ENST00000786474.1|ENSG00000214772.3|OTTHUMG00000168734.1|-|GUCY2C-AS1-203|GUCY2C-AS1|1220|	915	-	2	59	0.03389830508474576	0.02252553023360044	false
ENST00000729415.1|ENSG00000295348.1|-|-|ENST00000729415|ENSG00000295348|553|	134	-	1	50	0.02	0.17770863685672286	false
ENST00000381796.1|ENSG00000205790.2|OTTHUMG00000182047.1|OTTHUMT00000458999.1|DPP9-AS1-201|DPP9-AS1|3071|	2803	-	1	75	0.013333333333333334	0.2543438690576604	false
ENST00000724469.1|ENSG00000289937.2|-|-|ENST00000724469|ENSG00000289937|1147|	451	-	3	59	0.05084745762711865	0.0016447522580457148	false
ENST00000445808.5|ENSG00000225850.5|OTTHUMG00000018851.3|OTTHUMT00000049677.3|ENST00000445808|ENSG00000225850|810|	92	-	3	44	0.06818181818181818	0.0006999116367864476	true
ENST00000784726.1|ENSG00000302163.1|-|-|ENST00000784726|ENSG00000302163|685|	11	-	2	47	0.0425531914893617	0.014676100668276706	false
ENST00000425674.1|ENSG00000235016.2|OTTHUMG00000156795.1|OTTHUMT00000345842.1|SEMA3F-AS1-201|SEMA3F-AS1|565|	365	-	4	95	0.042105263157894736	0.0005581026951335548	true
ENST00000661767.1|ENSG00000259668.6|OTTHUMG00000172525.2|OTTHUMT00000526787.1|ENST00000661767|ENSG00000259668|3042|	876	-	3	39	0.07692307692307693	0.0004900547692055968	true
ENST00000624088.1|ENSG00000279861.1|OTTHUMG00000183421.1|OTTHUMT00000466547.1|ENST00000624088|ENSG00000279861|1882|	1740	+	2	54	0.037037037037037035	0.019082033947750317	false
ENST00000609744.1|ENSG00000273420.1|OTTHUMG00000186174.1|OTTHUMT00000472361.1|ENST00000609744|ENSG00000273420|511|	76	+	1	32	0.03125	0.11769961979149383	false
ENST00000493504.1|ENSG00000267858.9|OTTHUMG00000183549.3|OTTHUMT00000350753.1|MZF1-AS1-204|MZF1-AS1|3282|	2908	+	1	53	0.018867924528301886	0.18730559017855702	false
ENST00000570843.1|ENSG00000261889.1|OTTHUMG00000177551.1|OTTHUMT00000437541.1|ENST00000570843|ENSG00000261889|748|	54	+	3	22	0.13636363636363635	0.00008677783231766656	true
ENST00000555043.2|ENSG00000258377.2|OTTHUMG00000170874.1|OTTHUMT00000410795.1|ENST00000555043|ENSG00000258377|2535|	2319	-	1	56	0.017857142857142856	0.19679053756528153	false
ENST00000687361.2|ENSG00000289114.2|-|-|ENST00000687361|ENSG00000289114|1632|	91	-	3	94	0.031914893617021274	0.006129263870168484	false
ENST00000477288.5|ENSG00000288473.1|OTTHUMG00000031263.3|OTTHUMT00000076565.2|ENST00000477288|ENSG00000288473|6054|	5331	+	2	59	0.03389830508474576	0.02252553023360044	false
ENST00000611923.1|ENSG00000278713.1|OTTHUMG00000186861.1|OTTHUMT00000473926.1|ENST00000611923|ENSG00000278713|658|	404	-	2	79	0.02531645569620253	0.038545347635479794	false
ENST00000591360.1|ENSG00000267257.1|OTTHUMG00000179968.1|OTTHUMT00000449126.1|ENST00000591360|ENSG00000267257|2553|	1805	-	2	67	0.029850746268656716	0.02851921179180473	false
ENST00000549438.1|ENSG00000258317.2|OTTHUMG00000170142.1|OTTHUMT00000407630.1|ENST00000549438|ENSG00000258317|882|	842	-	2	15	0.13333333333333333	0.0015483398162194407	false
ENST00000540866.2|ENSG00000256028.2|OTTHUMG00000168770.1|OTTHUMT00000400991.1|ENST00000540866|ENSG00000256028|5618|	2445	+	0	53	0.0	1.0	false
ENST00000633719.1|ENSG00000292982.2|-|OTTHUMT00000475086.2|WASH5P-209|WASH5P|4412|	3580	+	1	21	0.047619047619047616	0.07889146593206027	false
ENST00000566287.1|ENSG00000261641.2|OTTHUMG00000176553.1|OTTHUMT00000432521.1|ENST00000566287|ENSG00000261641|1124|	80	-	3	60	0.05	0.0017263034556576533	false
ENST00000477288.5|ENSG00000288473.1|OTTHUMG00000031263.3|OTTHUMT00000076565.2|ENST00000477288|ENSG00000288473|6054|	4047	+	3	121	0.024793388429752067	0.01218571122723462	false
ENST00000576912.1|ENSG00000261845.2|OTTHUMG00000177963.1|OTTHUMT00000439994.1|ENST00000576912|ENSG00000261845|1190|	69	-	1	56	0.017857142857142856	0.19679053756528153	false
ENST00000562166.1|ENSG00000261093.1|OTTHUMG00000177171.1|OTTHUMT00000435703.1|ENST00000562166|ENSG00000261093|1838|	773	-	3	61	0.04918032786885246	0.0018103372773031706	false
ENST00000546324.1|ENSG00000257038.2|OTTHUMG00000167970.2|OTTHUMT00000397364.2|ARHGEF17-AS1-201|ARHGEF17-AS1|1695|	465	-	10	33	0.30303030303030304	7.042846119832363e-17	true
ENST00000831012.1|ENSG00000308088.1|-|-|ENST00000831012|ENSG00000308088|1608|	343	-	1	33	0.030303030303030304	0.12114549966932732	false
ENST00000575305.1|ENSG00000261659.2|OTTHUMG00000172952.2|OTTHUMT00000440562.1|ENST00000575305|ENSG00000261659|3413|	212	-	1	29	0.034482758620689655	0.10728070283775479	false
ENST00000703636.1|ENSG00000290226.1|-|-|ENST00000703636|ENSG00000290226|571|	544	+	2	85	0.023529411764705882	0.04398807389882483	false
ENST00000664768.3|ENSG00000286650.3|OTTHUMG00000193955.1|OTTHUMT00000507691.1|ENST00000664768|ENSG00000286650|1590|	388	-	3	50	0.06	0.0010178933931249243	false
ENST00000532280.1|ENSG00000293199.1|-|OTTHUMT00000395145.1|PTENP1-202|PTENP1|3996|	1585	+	1	43	0.023255813953488372	0.15487270812903267	false
ENST00000776869.1|ENSG00000301184.1|-|-|ENST00000776869|ENSG00000301184|473|	388	-	0	85	0.0	1.0	false
ENST00000750645.1|ENSG00000297739.1|-|-|ENST00000750645|ENSG00000297739|702|	99	-	2	38	0.05263157894736842	0.009767784128472158	false
ENST00000766690.1|ENSG00000299831.1|-|-|ENST00000766690|ENSG00000299831|593|	272	-	2	74	0.02702702702702703	0.03422367914074619	false
ENST00000619056.2|ENSG00000275038.2|OTTHUMG00000166260.4|OTTHUMT00000388769.3|ENST00000619056|ENSG00000275038|3056|	195	-	1	64	0.015625	0.22154603908392545	false
ENST00000772135.1|ENSG00000225075.2|OTTHUMG00000011907.1|-|ENST00000772135|ENSG00000225075|688|	168	-	1	55	0.01818181818181818	0.19364125253203898	false
ENST00000326237.3|ENSG00000291224.2|-|OTTHUMT00000339468.1|ENST00000326237|ENSG00000291224|2882|	1172	+	1	13	0.07692307692307693	0.049599427020573385	false
ENST00000623557.1|ENSG00000280211.1|OTTHUMG00000176904.1|OTTHUMT00000434290.1|ENST00000623557|ENSG00000280211|2502|	820	-	3	66	0.045454545454545456	0.0022686636810328367	false
ENST00000513560.8|ENSG00000248092.9|OTTHUMG00000162220.5|OTTHUMT00000367960.3|NNT-AS1-204|NNT-AS1|4840|	1609	+	1	59	0.01694915254237288	0.20616478623691498	false
ENST00000579186.2|ENSG00000293287.2|-|OTTHUMT00000446523.1|ENST00000579186|ENSG00000293287|2855|	1308	+	2	63	0.031746031746031744	0.025449900505388513	false
ENST00000832392.1|ENSG00000308190.1|-|-|ENST00000832392|ENSG00000308190|139|	49	+	2	12	0.16666666666666666	0.0009808564027467906	true
ENST00000549725.1|ENSG00000258034.2|OTTHUMG00000169460.1|OTTHUMT00000404172.1|ENST00000549725|ENSG00000258034|501|	151	-	2	59	0.03389830508474576	0.02252553023360044	false
ENST00000419300.3|ENSG00000204054.15|OTTHUMG00000020783.66|OTTHUMT00000106519.3|LINC00963-202|LINC00963|9557|	2217	+	1	62	0.016129032258064516	0.21542962815692568	false
ENST00000555043.2|ENSG00000258377.2|OTTHUMG00000170874.1|OTTHUMT00000410795.1|ENST00000555043|ENSG00000258377|2535|	1969	-	0	95	0.0	1.0	false
ENST00000784896.1|ENSG00000302197.1|-|-|ENST00000784896|ENSG00000302197|949|	414	-	13	20	0.65	3.717551159241119e-27	true
ENST00000816219.1|ENSG00000306197.1|-|-|ENST00000816219|ENSG00000306197|1379|	685	-	1	53	0.018867924528301886	0.18730559017855702	false
ENST00000759525.1|ENSG00000291185.2|-|-|ENST00000759525|ENSG00000291185|2513|	2463	+	2	52	0.038461538461538464	0.017772774027027344	false
ENST00000755339.1|ENSG00000298406.1|-|-|ENST00000755339|ENSG00000298406|729|	145	-	2	48	0.041666666666666664	0.015274910419106284	false
ENST00000734235.1|ENSG00000272324.6|OTTHUMG00000185440.1|-|DAP-DT-205|DAP-DT|378|	36	-	0	44	0.0	1.0	false
ENST00000647653.1|ENSG00000285612.1|OTTHUMG00000192934.1|OTTHUMT00000499623.1|ENST00000647653|ENSG00000285612|3093|	125	-	2	44	0.045454545454545456	0.012942692719940658	false
ENST00000624774.1|ENSG00000278943.1|OTTHUMG00000176257.2|OTTHUMT00000431688.2|ENST00000624774|ENSG00000278943|1049|	805	+	3	35	0.08571428571428572	0.0003550730540458266	true
ENST00000400768.2|ENSG00000215692.2|OTTHUMG00000151478.1|OTTHUMT00000322821.1|ENST00000400768|ENSG00000215692|472|	51	-	3	41	0.07317073170731707	0.0005682947177277334	true
ENST00000608319.1|ENSG00000272821.1|OTTHUMG00000186256.1|OTTHUMT00000472503.1|ENST00000608319|ENSG00000272821|855|	477	-	1	98	0.01020408163265306	0.3185242154759369	false
ENST00000655120.1|ENSG00000287125.1|OTTHUMG00000195347.1|OTTHUMT00000526477.1|ENST00000655120|ENSG00000287125|1995|	1063	-	0	45	0.0	1.0	false
ENST00000563777.2|ENSG00000260852.2|OTTHUMG00000176767.1|OTTHUMT00000255534.2|FBXL19-AS1-201|FBXL19-AS1|3961|	456	+	1	12	0.08333333333333333	0.04587302383429056	false
ENST00000658000.1|ENSG00000204682.10|OTTHUMG00000017795.3|OTTHUMT00000047130.3|MIR1915HG-201|MIR1915HG|3799|	1591	+	2	25	0.08	0.004310630054424627	false
ENST00000784178.1|ENSG00000293178.2|-|-|ENST00000784178|ENSG00000293178|2913|	2838	+	2	67	0.029850746268656716	0.02851921179180473	false
ENST00000849768.1|ENSG00000310424.1|-|-|ENST00000849768|ENSG00000310424|1599|	1108	+	3	41	0.07317073170731707	0.0005682947177277334	true
ENST00000804698.1|ENSG00000251364.10|OTTHUMG00000165526.3|-|SYT9-AS1-219|SYT9-AS1|2243|	1713	-	1	54	0.018518518518518517	0.19047961954140244	false
ENST00000566287.1|ENSG00000261641.2|OTTHUMG00000176553.1|OTTHUMT00000432521.1|ENST00000566287|ENSG00000261641|1124|	70	-	3	65	0.046153846153846156	0.002171825470380731	false
ENST00000624493.1|ENSG00000279696.1|OTTHUMG00000167487.1|OTTHUMT00000394788.1|ENST00000624493|ENSG00000279696|3152|	1028	-	1	32	0.03125	0.11769961979149383	false
ENST00000755062.1|ENSG00000298353.1|-|-|ENST00000755062|ENSG00000298353|553|	22	-	2	77	0.025974025974025976	0.03679274384168336	false
ENST00000759525.1|ENSG00000291185.2|-|-|ENST00000759525|ENSG00000291185|2513|	2456	+	2	53	0.03773584905660377	0.018422450174582813	false
ENST00000646565.1|ENSG00000293263.1|-|OTTHUMT00000497320.1|ENST00000646565|ENSG00000293263|500|	294	+	1	51	0.0196078431372549	0.1809201477270934	false
ENST00000652224.1|ENSG00000217702.4|OTTHUMG00000187098.2|OTTHUMT00000499114.1|ENST00000652224|ENSG00000217702|517|	393	-	1	50	0.02	0.17770863685672286	false
ENST00000826981.1|ENSG00000262099.2|OTTHUMG00000177876.1|-|DHX33-DT-206|DHX33-DT|713|	189	-	3	68	0.04411764705882353	0.002470272729690024	false
ENST00000674004.1|ENSG00000272620.2|OTTHUMG00000186238.2|OTTHUMT00000529924.1|AFAP1-AS1-202|AFAP1-AS1|5444|	225	-	1	65	0.015384615384615385	0.22458634021029078	false
ENST00000608721.1|ENSG00000272841.1|OTTHUMG00000185865.1|OTTHUMT00000471562.1|MAP3K4-AS1-201|MAP3K4-AS1|2025|	298	-	1	27	0.037037037037037035	0.10026649475603192	false
ENST00000545958.1|ENSG00000256469.1|OTTHUMG00000167864.1|OTTHUMT00000396687.1|ENST00000545958|ENSG00000256469|593|	267	-	3	50	0.06	0.0010178933931249243	false
ENST00000565685.1|ENSG00000261687.1|OTTHUMG00000176487.1|OTTHUMT00000432240.1|ENST00000565685|ENSG00000261687|532|	303	-	2	63	0.031746031746031744	0.025449900505388513	false
ENST00000473572.2|ENSG00000248101.2|OTTHUMG00000181895.1|OTTHUMT00000458193.1|ENST00000473572|ENSG00000248101|1130|	882	+	2	71	0.028169014084507043	0.031728256553297265	false
ENST00000814735.1|ENSG00000306015.1|-|-|ENST00000814735|ENSG00000306015|526|	386	-	2	42	0.047619047619047616	0.011840523064345864	false
ENST00000441170.1|ENSG00000293004.1|-|OTTHUMT00000257991.1|ENST00000441170|ENSG00000293004|1663|	355	+	2	55	0.03636363636363636	0.019751438047028634	false
ENST00000502083.2|ENSG00000245025.4|OTTHUMG00000163755.2|OTTHUMT00000375235.1|ENST00000502083|ENSG00000245025|1945|	1247	-	2	73	0.0273972602739726	0.03338358637528001	false
ENST00000425081.4|ENSG00000236618.4|OTTHUMG00000132194.2|OTTHUMT00000255247.2|PITPNA-AS1-201|PITPNA-AS1|668|	154	+	2	61	0.03278688524590164	0.02396926724407369	false
ENST00000663001.1|ENSG00000241313.3|OTTHUMG00000159618.2|OTTHUMT00000528471.1|WWTR1-AS1-204|WWTR1-AS1|600|	15	-	2	60	0.03333333333333333	0.023242744950081228	false
ENST00000567968.2|ENSG00000224888.4|OTTHUMG00000156775.4|OTTHUMT00000423096.2|HSALR1-202|HSALR1|4528|	829	-	2	80	0.025	0.03943339179708681	false
ENST00000809048.1|ENSG00000260944.4|OTTHUMG00000176481.1|-|FOXC2-AS1-202|FOXC2-AS1|424|	28	-	1	57	0.017543859649122806	0.19992752286685778	false
ENST00000747859.1|ENSG00000297428.1|-|-|ENST00000747859|ENSG00000297428|2003|	141	-	3	19	0.15789473684210525	0.00005508343483784077	true
ENST00000665917.1|ENSG00000245025.4|OTTHUMG00000163755.2|OTTHUMT00000527942.1|ENST00000665917|ENSG00000245025|4918|	978	-	2	66	0.030303030303030304	0.02773858272515456	false
ENST00000716284.1|ENSG00000290835.2|-|-|ENST00000716284|ENSG00000290835|5841|	4358	+	1	67	0.014925373134328358	0.23063136657362546	false
ENST00000687171.3|ENSG00000289447.3|-|-|ENST00000687171|ENSG00000289447|2040|	92	-	3	98	0.030612244897959183	0.006875083615381205	false
ENST00000515055.1|ENSG00000250135.1|OTTHUMG00000004332.3|OTTHUMT00000012526.3|ENST00000515055|ENSG00000250135|667|	506	+	2	85	0.023529411764705882	0.04398807389882483	false
ENST00000531730.1|ENSG00000255050.1|OTTHUMG00000165158.1|OTTHUMT00000382260.1|ENST00000531730|ENSG00000255050|1173|	549	-	31	51	0.6078431372549019	1.5804036009746506e-61	true
ENST00000653257.1|ENSG00000287315.1|OTTHUMG00000193832.1|OTTHUMT00000505240.1|ENST00000653257|ENSG00000287315|4828|	2664	-	1	18	0.05555555555555555	0.06801427088929467	false
ENST00000624585.3|ENSG00000292986.2|-|OTTHUMT00000492084.2|DUXAP10-210|DUXAP10|6120|	2512	+	2	45	0.044444444444444446	0.01350990044683117	false
ENST00000770403.1|ENSG00000183154.2|OTTHUMG00000164036.1|-|ENST00000770403|ENSG00000183154|983|	557	+	2	69	0.028985507246376812	0.030106587974768152	false
ENST00000758094.1|ENSG00000298815.1|-|-|ENST00000758094|ENSG00000298815|1993|	1102	-	1	62	0.016129032258064516	0.21542962815692568	false
ENST00000786433.1|ENSG00000302407.1|-|-|ENST00000786433|ENSG00000302407|474|	96	-	2	59	0.03389830508474576	0.02252553023360044	false
ENST00000832786.1|ENSG00000308247.1|-|-|ENST00000832786|ENSG00000308247|368|	58	+	3	17	0.17647058823529413	0.000038881843809300376	true
ENST00000473572.2|ENSG00000248101.2|OTTHUMG00000181895.1|OTTHUMT00000458193.1|ENST00000473572|ENSG00000248101|1130|	918	+	1	55	0.01818181818181818	0.19364125253203898	false
ENST00000616163.1|ENSG00000176868.3|OTTHUMG00000186801.1|OTTHUMT00000473806.1|ENST00000616163|ENSG00000176868|2713|	1781	-	0	69	0.0	1.0	false
ENST00000369843.3|ENSG00000228703.1|OTTHUMG00000011645.1|OTTHUMT00000032207.1|ENST00000369843|ENSG00000228703|688|	422	-	1	84	0.011904761904761904	0.28014798569977345	false
ENST00000565181.1|ENSG00000261423.4|OTTHUMG00000173055.1|OTTHUMT00000421959.1|TMEM202-AS1-202|TMEM202-AS1|2325|	659	-	2	31	0.06451612903225806	0.006578636738161133	false
ENST00000565181.1|ENSG00000261423.4|OTTHUMG00000173055.1|OTTHUMT00000421959.1|TMEM202-AS1-202|TMEM202-AS1|2325|	627	-	3	57	0.05263157894736842	0.0014889889376430735	false
ENST00000540547.1|ENSG00000256034.1|OTTHUMG00000168031.1|OTTHUMT00000397622.1|ENST00000540547|ENSG00000256034|428|	91	-	4	43	0.09302325581395349	0.000025422289376361	true
ENST00000611259.1|ENSG00000276101.1|OTTHUMG00000186719.1|OTTHUMT00000473667.1|ENST00000611259|ENSG00000276101|610|	321	-	3	17	0.17647058823529413	0.000038881843809300376	true
ENST00000635107.1|ENSG00000282907.1|OTTHUMG00000191519.2|OTTHUMT00000333917.2|ENST00000635107|ENSG00000282907|1289|	1148	+	2	106	0.018867924528301886	0.06502702865633264	false
ENST00000502284.1|ENSG00000251143.1|OTTHUMG00000167782.1|OTTHUMT00000396243.1|ENST00000502284|ENSG00000251143|4233|	92	-	3	96	0.03125	0.006495782538233468	false
ENST00000558304.1|ENSG00000259670.2|OTTHUMG00000172159.1|OTTHUMT00000417150.1|ENST00000558304|ENSG00000259670|406|	308	-	2	34	0.058823529411764705	0.007875581052645953	false
ENST00000535867.1|ENSG00000256690.2|OTTHUMG00000167742.1|OTTHUMT00000396001.1|STX5-DT-202|STX5-DT|557|	78	-	3	157	0.01910828025477707	0.024160296131674797	false
ENST00000658000.1|ENSG00000204682.10|OTTHUMG00000017795.3|OTTHUMT00000047130.3|MIR1915HG-201|MIR1915HG|3799|	1772	+	1	43	0.023255813953488372	0.15487270812903267	false
ENST00000619210.1|ENSG00000293329.2|-|OTTHUMT00000477544.1|DUXAP9-205|DUXAP9|1060|	813	+	5	23	0.21739130434782608	2.8835457839470346e-8	true
ENST00000619017.1|ENSG00000246548.4|OTTHUMG00000171579.3|OTTHUMT00000474250.2|LINC02288-202|LINC02288|3487|	321	-	3	81	0.037037037037037035	0.004050357835964147	false
ENST00000765145.1|ENSG00000299620.1|-|-|ENST00000765145|ENSG00000299620|1044|	294	+	2	75	0.02666666666666667	0.03507195404522544	false
ENST00000569969.5|ENSG00000261067.7|OTTHUMG00000176707.1|OTTHUMT00000433224.1|ENST00000569969|ENSG00000261067|5296|	2274	+	3	67	0.04477611940298507	0.0023681380590257913	false
ENST00000441170.1|ENSG00000293004.1|-|OTTHUMT00000257991.1|ENST00000441170|ENSG00000293004|1663|	1087	+	2	46	0.043478260869565216	0.01408773364586496	false
ENST00000797921.1|ENSG00000303897.1|-|-|ENST00000797921|ENSG00000303897|2131|	270	-	2	38	0.05263157894736842	0.009767784128472158	false
ENST00000727639.1|ENSG00000295046.1|-|-|ENST00000727639|ENSG00000295046|467|	261	-	2	70	0.02857142857142857	0.03091317534436315	false
ENST00000554988.2|ENSG00000259001.4|OTTHUMG00000170789.2|OTTHUMT00000410370.2|ENST00000554988|ENSG00000259001|710|	452	+	3	11	0.2727272727272727	9.601741981821258e-6	true
ENST00000793030.1|ENSG00000286074.2|OTTHUMG00000193119.1|-|ENST00000793030|ENSG00000286074|462|	170	-	1	28	0.03571428571428571	0.10378046080510024	false
ENST00000565387.2|ENSG00000261351.2|OTTHUMG00000172828.2|OTTHUMT00000420724.2|ENST00000565387|ENSG00000261351|2168|	181	-	1	83	0.012048192771084338	0.27732553491848744	false
ENST00000525548.1|ENSG00000255467.1|OTTHUMG00000166384.1|OTTHUMT00000389505.1|ENST00000525548|ENSG00000255467|964|	838	-	1	48	0.020833333333333332	0.1712477899329196	false
ENST00000520129.1|ENSG00000254208.1|OTTHUMG00000164786.1|OTTHUMT00000380278.1|ENST00000520129|ENSG00000254208|468|	423	-	6	23	0.2608695652173913	3.384171364536132e-10	true
ENST00000668183.1|ENSG00000273507.8|OTTHUMG00000187359.3|OTTHUMT00000523265.1|ENST00000668183|ENSG00000273507|3380|	557	-	3	34	0.08823529411764706	0.0003255860716457687	true
ENST00000767159.1|ENSG00000235770.7|OTTHUMG00000154834.11|-|LINC00607-247|LINC00607|1012|	770	+	2	25	0.08	0.004310630054424627	false
ENST00000538705.1|ENSG00000256813.1|OTTHUMG00000167705.1|OTTHUMT00000395742.1|CCDC86-AS1-201|CCDC86-AS1|491|	157	-	1	80	0.0125	0.26879160995917517	false
ENST00000425674.1|ENSG00000235016.2|OTTHUMG00000156795.1|OTTHUMT00000345842.1|SEMA3F-AS1-201|SEMA3F-AS1|565|	377	-	2	58	0.034482758620689655	0.021817707251378243	false
ENST00000601296.3|ENSG00000268858.3|OTTHUMG00000187033.1|OTTHUMT00000474290.1|ENST00000601296|ENSG00000268858|4012|	2333	+	1	57	0.017543859649122806	0.19992752286685778	false
ENST00000686068.2|ENSG00000289065.2|-|-|ENST00000686068|ENSG00000289065|668|	375	-	2	13	0.15384615384615385	0.0011561855988966676	false
ENST00000592893.1|ENSG00000266978.2|OTTHUMG00000180401.1|OTTHUMT00000451205.1|LIMASI-202|LIMASI|918|	508	-	3	215	0.013953488372093023	0.05295283961604941	false
ENST00000687361.2|ENSG00000289114.2|-|-|ENST00000687361|ENSG00000289114|1632|	350	-	2	80	0.025	0.03943339179708681	false
ENST00000502511.1|ENSG00000188242.4|OTTHUMG00000162206.2|OTTHUMT00000368036.1|SLC9A3-OT1-202|SLC9A3-OT1|552|	91	+	3	73	0.0410958904109589	0.003021666421880091	false
ENST00000748702.1|ENSG00000297529.1|-|-|ENST00000748702|ENSG00000297529|761|	261	-	1	47	0.02127659574468085	0.1679983549430485	false
ENST00000535755.1|ENSG00000256879.2|OTTHUMG00000168961.1|OTTHUMT00000401755.1|PDE3A-AS1-201|PDE3A-AS1|525|	283	-	2	80	0.025	0.03943339179708681	false
ENST00000502284.1|ENSG00000251143.1|OTTHUMG00000167782.1|OTTHUMT00000396243.1|ENST00000502284|ENSG00000251143|4233|	1478	-	2	68	0.029411764705882353	0.029308573581565793	false
ENST00000701499.2|ENSG00000289902.2|-|-|ENST00000701499|ENSG00000289902|4655|	1212	+	1	47	0.02127659574468085	0.1679983549430485	false
ENST00000825164.1|ENSG00000307338.1|-|-|ENST00000825164|ENSG00000307338|1168|	993	+	2	62	0.03225806451612903	0.024705013472933867	false
ENST00000821261.1|ENSG00000238280.3|OTTHUMG00000018307.2|-|ENST00000821261|ENSG00000238280|682|	299	-	4	106	0.03773584905660377	0.0008417861482190229	true
ENST00000502284.1|ENSG00000251143.1|OTTHUMG00000167782.1|OTTHUMT00000396243.1|ENST00000502284|ENSG00000251143|4233|	507	-	3	77	0.03896103896103896	0.0035129789010180817	false
ENST00000477288.5|ENSG00000288473.1|OTTHUMG00000031263.3|OTTHUMT00000076565.2|ENST00000477288|ENSG00000288473|6054|	3675	+	1	40	0.025	0.14489276108734478	false
ENST00000588144.2|ENSG00000267226.3|OTTHUMG00000180006.2|OTTHUMT00000449254.2|MALT1-AS1-201|MALT1-AS1|1209|	362	-	1	44	0.022727272727272728	0.15817340616180223	false
ENST00000507296.1|ENSG00000249275.2|OTTHUMG00000161532.1|OTTHUMT00000365220.1|ENST00000507296|ENSG00000249275|812|	205	-	2	57	0.03508771929824561	0.021119360677010028	false
ENST00000647856.2|ENSG00000285796.2|OTTHUMG00000192646.1|OTTHUMT00000498291.1|ENST00000647856|ENSG00000285796|8569|	327	-	2	74	0.02702702702702703	0.03422367914074619	false
ENST00000635107.1|ENSG00000282907.1|OTTHUMG00000191519.2|OTTHUMT00000333917.2|ENST00000635107|ENSG00000282907|1289|	1113	+	1	73	0.0136986301369863	0.2484851548162772	false
ENST00000841092.1|ENSG00000227354.8|OTTHUMG00000017131.5|-|RBM26-AS1-211|RBM26-AS1|1498|	238	-	0	15	0.0	1.0	false
ENST00000572067.1|ENSG00000263126.1|OTTHUMG00000177492.1|OTTHUMT00000437175.1|ENST00000572067|ENSG00000263126|3907|	534	+	1	78	0.01282051282051282	0.2630464134397862	false
ENST00000569969.5|ENSG00000261067.7|OTTHUMG00000176707.1|OTTHUMT00000433224.1|ENST00000569969|ENSG00000261067|5296|	719	+	2	36	0.05555555555555555	0.00879873085341949	false
ENST00000575305.1|ENSG00000261659.2|OTTHUMG00000172952.2|OTTHUMT00000440562.1|ENST00000575305|ENSG00000261659|3413|	758	-	0	36	0.0	1.0	false
ENST00000601192.1|ENSG00000269604.1|OTTHUMG00000182049.1|OTTHUMT00000459001.1|ENST00000601192|ENSG00000269604|3568|	1356	-	0	36	0.0	1.0	false
ENST00000731539.1|ENSG00000295645.1|-|-|ENST00000731539|ENSG00000295645|217|	66	-	1	50	0.02	0.17770863685672286	false
ENST00000756649.1|ENSG00000298580.1|-|-|ENST00000756649|ENSG00000298580|904|	687	-	0	63	0.0	1.0	false
ENST00000508096.1|ENSG00000249456.1|OTTHUMG00000019222.1|OTTHUMT00000050897.1|ENST00000508096|ENSG00000249456|555|	340	+	1	52	0.019230769230769232	0.18411911583885943	false
ENST00000601296.3|ENSG00000268858.3|OTTHUMG00000187033.1|OTTHUMT00000474290.1|ENST00000601296|ENSG00000268858|4012|	1817	+	2	33	0.06060606060606061	0.007431463700822416	false
ENST00000569969.5|ENSG00000261067.7|OTTHUMG00000176707.1|OTTHUMT00000433224.1|ENST00000569969|ENSG00000261067|5296|	2276	+	2	70	0.02857142857142857	0.03091317534436315	false
ENST00000816219.1|ENSG00000306197.1|-|-|ENST00000816219|ENSG00000306197|1379|	873	-	1	69	0.014492753623188406	0.2366292666795463	false
ENST00000606915.2|ENSG00000268592.4|OTTHUMG00000185354.1|OTTHUMT00000470302.1|RAET1E-AS1-203|RAET1E-AS1|1217|	714	-	0	51	0.0	1.0	false
ENST00000624774.1|ENSG00000278943.1|OTTHUMG00000176257.2|OTTHUMT00000431688.2|ENST00000624774|ENSG00000278943|1049|	45	+	9	17	0.5294117647058824	4.996956849569122e-18	true
ENST00000619017.1|ENSG00000246548.4|OTTHUMG00000171579.3|OTTHUMT00000474250.2|LINC02288-202|LINC02288|3487|	570	-	2	61	0.03278688524590164	0.02396926724407369	false
ENST00000592758.1|ENSG00000267469.1|OTTHUMG00000180706.2|OTTHUMT00000452679.2|ENST00000592758|ENSG00000267469|564|	454	-	2	80	0.025	0.03943339179708681	false
ENST00000433175.6|ENSG00000249700.10|OTTHUMG00000160655.9|OTTHUMT00000361585.2|SRD5A3-AS1-201|SRD5A3-AS1|1617|	1380	-	1	66	0.015151515151515152	0.22761476724852367	false
ENST00000723425.1|ENSG00000294407.1|-|-|ENST00000723425|ENSG00000294407|376|	60	-	1	23	0.043478260869565216	0.08607231102246442	false
ENST00000601726.3|ENSG00000234222.7|OTTHUMG00000042245.4|OTTHUMT00000461246.1|LIX1L-AS1-218|LIX1L-AS1|840|	600	-	1	70	0.014285714285714285	0.23961065930759248	false
ENST00000602306.2|ENSG00000270175.2|OTTHUMG00000183931.1|OTTHUMT00000467540.1|ENST00000602306|ENSG00000270175|1425|	258	-	1	25	0.04	0.09319717515698202	false
ENST00000658000.1|ENSG00000204682.10|OTTHUMG00000017795.3|OTTHUMT00000047130.3|MIR1915HG-201|MIR1915HG|3799|	1600	+	1	22	0.045454545454545456	0.08248891350665535	false
ENST00000616163.1|ENSG00000176868.3|OTTHUMG00000186801.1|OTTHUMT00000473806.1|ENST00000616163|ENSG00000176868|2713|	2376	-	1	69	0.014492753623188406	0.2366292666795463	false
ENST00000603791.1|ENSG00000270504.2|OTTHUMG00000185108.1|OTTHUMT00000469606.1|ENST00000603791|ENSG00000270504|2761|	766	+	3	84	0.03571428571428571	0.004484368401559348	false
ENST00000838882.1|ENSG00000237248.7|OTTHUMG00000168332.3|-|LINC00987-231|LINC00987|1185|	315	+	2	36	0.05555555555555555	0.00879873085341949	false
ENST00000609270.1|ENSG00000273073.1|OTTHUMG00000186045.1|OTTHUMT00000472121.1|ENST00000609270|ENSG00000273073|580|	301	-	2	36	0.05555555555555555	0.00879873085341949	false
ENST00000461287.1|ENSG00000204422.7|OTTHUMG00000031253.7|OTTHUMT00000328320.4|ENST00000461287|ENSG00000204422|2332|	1914	+	1	79	0.012658227848101266	0.26592463223214907	false
ENST00000540866.2|ENSG00000256028.2|OTTHUMG00000168770.1|OTTHUMT00000400991.1|ENST00000540866|ENSG00000256028|5618|	5367	+	12	373	0.032171581769437	4.3532249503876844e-8	true
ENST00000610245.1|ENSG00000273192.1|OTTHUMG00000186143.1|OTTHUMT00000472317.1|ENST00000610245|ENSG00000273192|2349|	1117	-	3	17	0.17647058823529413	0.000038881843809300376	true
ENST00000826981.1|ENSG00000262099.2|OTTHUMG00000177876.1|-|DHX33-DT-206|DHX33-DT|713|	206	-	1	50	0.02	0.17770863685672286	false
ENST00000623765.1|ENSG00000279246.1|OTTHUMG00000168278.1|OTTHUMT00000399150.1|ENST00000623765|ENSG00000279246|2234|	1664	-	3	80	0.0375	0.003911625332805252	false
ENST00000609744.1|ENSG00000273420.1|OTTHUMG00000186174.1|OTTHUMT00000472361.1|ENST00000609744|ENSG00000273420|511|	409	+	1	53	0.018867924528301886	0.18730559017855702	false
ENST00000652769.2|ENSG00000269929.7|OTTHUMG00000184012.4|OTTHUMT00000467606.2|MIRLET7A1HG-203|MIRLET7A1HG|3824|	3315	+	1	26	0.038461538461538464	0.09673875088037759	false
ENST00000574423.2|ENSG00000263212.2|OTTHUMG00000177721.2|OTTHUMT00000438652.2|ENST00000574423|ENSG00000263212|529|	346	+	1	34	0.029411764705882353	0.12457792144559038	false
ENST00000452097.1|ENSG00000237017.1|OTTHUMG00000066041.2|OTTHUMT00000141421.2|PRPF31-AS1-201|PRPF31-AS1|4158|	1567	-	1	26	0.038461538461538464	0.09673875088037759	false
ENST00000591501.3|ENSG00000267100.3|OTTHUMG00000180586.1|OTTHUMT00000452058.1|ILF3-DT-201|ILF3-DT|2021|	290	+	1	54	0.018518518518518517	0.19047961954140244	false
ENST00000542022.1|ENSG00000256007.1|OTTHUMG00000167950.1|OTTHUMT00000397233.1|ARAP1-AS1-201|ARAP1-AS1|388|	131	-	3	30	0.1	0.00022349483212322425	true
ENST00000649556.1|ENSG00000285952.1|OTTHUMG00000129479.10|OTTHUMT00000499799.1|ENST00000649556|ENSG00000285952|2234|	938	+	3	35	0.08571428571428572	0.0003550730540458266	true
ENST00000592758.1|ENSG00000267469.1|OTTHUMG00000180706.2|OTTHUMT00000452679.2|ENST00000592758|ENSG00000267469|564|	298	-	1	71	0.014084507042253521	0.2425804079183681	false
ENST00000789620.1|ENSG00000286145.3|OTTHUMG00000193094.2|-|ENST00000789620|ENSG00000286145|509|	21	-	1	71	0.014084507042253521	0.2425804079183681	false
ENST00000814735.1|ENSG00000306015.1|-|-|ENST00000814735|ENSG00000306015|526|	275	-	2	75	0.02666666666666667	0.03507195404522544	false
ENST00000586923.1|ENSG00000276570.1|OTTHUMG00000180703.1|OTTHUMT00000452661.1|ENST00000586923|ENSG00000276570|3061|	391	+	3	76	0.039473684210526314	0.0033858822984789544	false
ENST00000609195.1|ENSG00000233885.7|OTTHUMG00000156899.4|OTTHUMT00000472859.1|YEATS2-AS1-202|YEATS2-AS1|1093|	172	-	2	56	0.03571428571428571	0.020430575703698887	false
ENST00000623414.1|ENSG00000279569.1|OTTHUMG00000177024.1|OTTHUMT00000434930.1|ENST00000623414|ENSG00000279569|4170|	1250	-	2	41	0.04878048780487805	0.011305747228752832	false
ENST00000606533.1|ENSG00000271806.1|OTTHUMG00000185365.1|OTTHUMT00000470331.1|ENST00000606533|ENSG00000271806|4196|	959	-	1	31	0.03225806451612903	0.11424022904453697	false
ENST00000826981.1|ENSG00000262099.2|OTTHUMG00000177876.1|-|DHX33-DT-206|DHX33-DT|713|	227	-	11	28	0.39285714285714285	6.515728095361884e-20	true
ENST00000557733.1|ENSG00000258749.1|OTTHUMG00000171507.1|OTTHUMT00000413809.1|ENST00000557733|ENSG00000258749|889|	280	-	3	46	0.06521739130434782	0.0007975700680876821	true
